zona;codmunicipio;municipio;codlocal;localvotacao;endereco;bairro;cep;qtdsecao;qtdsecaoagr;aptos
1;13897;FORTALEZA;1074;BNB CLUBE;AVENIDA  SANTOS DUMONT  3646;ALDEOTA;60150162;9;9;3606
1;13897;FORTALEZA;1287;ESCOLA ESTADUAL ARQUITETO ROGERIO FROES;AVENIDA DAS GRAVIOLAS 1000;CIDADE 2000;60190600;18;18;7160
1;13897;FORTALEZA;1759;ESCOLA ESTADUAL MATIAS BECK;RUA  PROFESSORA AIDA BALAIO 38;MUCURIPE;60176390;10;10;3633
1;13897;FORTALEZA;1767;ESCOLA MUNICIPAL JOSE RAMOS TORRES DE MELO;AVENIDA DA ABOLIÇÃO 3984;MUCURIPE;60165082;11;11;4342
1;13897;FORTALEZA;1783;ESCOLA ESTADUAL DRAGAO DO MAR;RUA UMARI S/N;MUCURIPE;60175280;8;8;2875
1;13897;FORTALEZA;1791;IATE CLUBE;AVENIDA DA ABOLIÇÃO 4813;MUCURIPE;60165082;6;6;2371
1;13897;FORTALEZA;1880;CLUBE DO MEDICO;AVENIDA DIOGUINHO 3355;VICENTE PINZON;60182001;6;6;2309
1;13897;FORTALEZA;1899;CIES AIDA SANTOS;AVENIDA TRAJANO DE MEDEIROS  813;VICENTE PINZON;60182185;8;8;3159
1;13897;FORTALEZA;1902;ESCOLA MUNICIPAL SAO VICENTE DE PAULO;AVENIDA ZEZE DIOGO 1247;CAIS DO PORTO;60180000;5;5;1863
1;13897;FORTALEZA;2046;ESCOLA ESTADUAL  BARBARA DE ALENCAR;RUA PEDRO RUFINO 38;VARJOTA;60175100;11;11;4352
1;13897;FORTALEZA;2054;ESCOLA ESTADUAL MARIA JOSE MEDEIROS;RUA DESEMBARGADOR LAURO NOGUEIRA 1240;PAPICU;60175055;13;13;5126
1;13897;FORTALEZA;2062;ESCOLA ESTADUAL PADRE JOSE NILSON;RUA CORONEL MANUEL JESUÍNO 225;MUCURIPE;60175270;13;13;5137
1;13897;FORTALEZA;2305;ESCOLA ESTADUAL MURILO BORGES;RUA DO ENTARDECER 90;VICENTE PINZON;60181190;8;8;3038
1;13897;FORTALEZA;2313;ESCOLA ESTADUAL MAESTRO ELIAZAR DE CARVALHO;RUA FRANCISCO ALVES PEREIRA  349;CAIS DO PORTO;60180720;9;9;3560
1;13897;FORTALEZA;2330;COLEGIO INTEGRAL - SANTOS DUMONT;AVENIDA SANTOS DUMONT 5572;PAPICU;60190800;5;5;1996
1;13897;FORTALEZA;2372;FACULDADE FARIAS BRITO - CASTRO MONTE;RUA CASTRO MONTE 1364;VARJOTA;60175230;21;22;8288
1;13897;FORTALEZA;2399;ESCOLA MUNICIPAL PROF. ALVARO COSTA;AVENIDA VICENTE DE CASTRO 6074;CAIS DO PORTO;60180410;13;13;5129
1;13897;FORTALEZA;2429;FANOR - FACULDADE NORDESTE;AVENIDA SANTOS DUMONT 7800;DE LOURDES;60150162;19;19;7426
1;13897;FORTALEZA;2534;ESCOLA MUNICIPAL PROF BELARMINA CAMPOS;RUA MANOEL RODRIGUES MONTEIRO, 840;VICENTE PINZON;60181805;8;8;2910
1;13897;FORTALEZA;2585;ESCOLA MUNICIPAL PROF. GODOFREDO DE CASTRO FILHO;AVENIDA JOSÉ SABÓIA  905;CAIS DO PORTO;60180480;6;6;2263
1;13897;FORTALEZA;2615;COLEGIO ESPACO ABERTO - BENTO ALBUQUERQUE;RUA BENTO ALBUQUERQUE 1671;PAPICU;60190080;6;6;2385
1;13897;FORTALEZA;2640;ESCOLA MUNICIPAL FREI TITO DE ALENCAR LIMA;AVENIDA DIOGUINHO 5927;VICENTE PINZON;60182001;10;10;3955
1;13897;FORTALEZA;2658;CAIC MARIA FELICIO LOPES;RUA 20 DE JULHO 480;CAIS DO PORTO;60180560;8;8;2856
1;13897;FORTALEZA;2690;COLEGIO ANTARES - SANTOS DUMONT;AVENIDA SANTOS DUMONT 3777;ALDEOTA;60150162;8;8;3191
1;13897;FORTALEZA;2747;COLEGIO ANTARES - OCELO PINHEIRO;RUA PROFESSOR OCELO PINHEIRO 101;PAPICU;60175585;12;12;4622
1;13897;FORTALEZA;2755;ESCOLA MUNICIPAL ODNILRA CRUZ MOREIRA;AVENIDA DAS ADENANTERAS 800;CIDADE 2000;60190560;5;5;2000
1;13897;FORTALEZA;2763;ESCOLA MUNICIPAL DOM ALOISIO LORSCHEIDER;RUA JULIO SILVA, 450;PRAIA DO FUTURO II;60182430;7;7;1939
1;13897;FORTALEZA;2780;ESCOLA MUNICIPAL CONSUELO AMORA;AV. DOS JANGADEIROS, 577;MUCURIPE;60175440;3;3;1177
1;13897;FORTALEZA;2810;COLEGIO ARI DE SA - MONSENHOR CATAO;RUA MONSENHOR CATAO, 1655;ALDEOTA;60175010;11;11;4207
1;13897;FORTALEZA;2852;COLEGIO FARIAS BRITO - PRÉ UNIVERSITARIO - JULIO ABREU;AVENIDA JULIO ABREU, 284;VARJOTA;60160240;5;5;1951
1;13897;FORTALEZA;2860;LABOMAR - UFC;AV. ABOLIÇÃO, 3207;MEIRELES;60135178;4;4;1589
1;13897;FORTALEZA;2895;ESCOLA PROFISSIONAL MARIA ANGELA DA SILVEIRA BORGES;RUA PINTOR ANTONIO BANDEIRA, S/N;VICENTE PINZON;60182304;13;13;4821
1;13897;FORTALEZA;2909;ESCOLA NOSSA SENHORA DA ASSUNÇÃO;AVENIDA ZEZÉ DIOGO, 1110;CAIS DO PORTO;60180012;6;6;2281
2;13897;FORTALEZA;1015;EM PROFª FERNANDA MARIA DE ALENCAR COLARES;AV PROF. ARTHUR DE CARVALHO, 1540;LAGOA REDONDA;60170021;15;15;5831
2;13897;FORTALEZA;1031;SECRETARIA EXECUTIVA REGIONAL - SER VI;RUA PADRE PEDRO DE ALENCAR, 1385;PAUPINA;60872560;7;7;2301
2;13897;FORTALEZA;1040;EEEP JOSE DE BARCELOS;RUA ANGELICA GURGEL 362;MESSEJANA;60871030;14;14;4684
2;13897;FORTALEZA;1074;CLUBE DA CAIXA;AVENIDA FREI CIRILO 4700;MESSEJANA;60840285;13;13;4902
2;13897;FORTALEZA;1082;RECREIO CLUB DE CAMPO;AVENIDA RECREIO, 1243;LAGOA REDONDA;60831600;8;8;2742
2;13897;FORTALEZA;1112;EMEIF DEMOCRITO ROCHA;RUA PADRE PEDRO DE ALENCAR, 2012;MESSEJANA;60840260;11;11;3898
2;13897;FORTALEZA;1139;EEEP COMENDADOR MIGUEL GURGEL;RUA JOSE BAIMA, S/N;GUAJIRU;60843220;17;17;6288
2;13897;FORTALEZA;1147;EEFM JOSE DE ALENCAR;RUA VENEZA, 84;MESSEJANA;60871600;19;19;6795
2;13897;FORTALEZA;1155;EM PROFª TELINA BARBOSA DA  COSTA;RUA PERGENTINO MAIA, 811;MESSEJANA;60840280;8;8;2954
2;13897;FORTALEZA;1163;EEM DEPUTADO PAULO BENEVIDES;RUA ANGELICA GURGEL, 186;MESSEJANA;60871030;15;15;5007
2;13897;FORTALEZA;1180;EM JOSEFA BARROS DE ALENCAR;RUA DOUTOR JOAQUIM BENTO 590;MESSEJANA;60840200;7;7;2551
2;13897;FORTALEZA;1198;EMEIF ANGELICA GURGEL;RUA DOUTOR PERGENTINO MAIA, 375;MESSEJANA;60840045;13;13;4594
2;13897;FORTALEZA;1201;EMEIF MOREIRA DA ROCHA;AV ODILON GUIMARAES, 3860;LAGOA REDONDA;60831295;7;7;2771
2;13897;FORTALEZA;1210;INSTITUTO FREI JOAO PEDRO DE SEXTO;AVENIDA FREI CIRILO, 4241;MESSEJANA;60840285;7;7;2338
2;13897;FORTALEZA;1236;PATRONATO PADRE LUIZ BARBOSA MOREIRA;RUA CEL GUILHERME ALENCAR, 121;MESSEJANA;60840340;5;5;1614
2;13897;FORTALEZA;1244;PAROQUIA NOSSA SENHORA DA CONCEICAO;RUA JOAQUIM BEZERRA 121;MESSEJANA;60842010;6;6;2048
2;13897;FORTALEZA;1279;COLÉGIO SERAFICO NOSSA SENHORA DO BRASIL;AVENIDA FREI CIRILO 4454;MESSEJANA;60840285;13;13;5162
2;13897;FORTALEZA;1295;EEFM IRACEMA;RUA EGIDIO DE OLIVEIRA, 250;JOSÉ DE ALENCAR;60830605;7;7;2513
2;13897;FORTALEZA;1775;SECRETARIA DA EDUCACAO - CAMBEBA;AVENIDA MINISTRO JOSE AMERICO, SN;CAMBEBA;60822315;8;8;3125
2;13897;FORTALEZA;1805;EEFM GOV LUIZ DE GONZAGA FONSECA MOTA;RUA SANTA ROSA, 407;COAÇU;60872370;9;9;3571
2;13897;FORTALEZA;1880;CMES PROFª TEREZINHA FERREIRA PARENTE;RUA NELSON COELHO, 209;LAGOA REDONDA;60831410;15;15;5779
2;13897;FORTALEZA;1899;EMEIF GUIOMAR DA SILVA ALMEIDA;RUA PEROLINA DE MORAIS, 449;PAUPINA;60873810;6;6;2155
2;13897;FORTALEZA;1902;CMES ANISIO TEIXEIRA;TRAVESSA DO GUARANI, 355;PAUPINA;60873530;7;7;2767
2;13897;FORTALEZA;1929;EEM LICEU DE MESSEJANA;AVENIDA WASHINGTON SOARES 7702;MESSEJANA;60841032;16;16;6337
2;13897;FORTALEZA;2135;VILA OLIMPICA DE MESSEJANA;AV WASHINGTON SOARES, 8130;MESSEJANA;60841032;6;6;2180
2;13897;FORTALEZA;2151;EM PROF CLODOMIR TEOFILO GIRAO;TRAVESSA RUTILO, 108;MESSEJANA;60841645;4;4;1500
2;13897;FORTALEZA;2194;FACULDADE ATENEU DO CEARÁ;AV. COLETOR ANTONIO GADELHA, 621;MESSEJANA;60871050;5;5;1707
2;13897;FORTALEZA;2208;COLÉGIO CHRISTUS SUL;RUA GRAVITO, 1145;JOSÉ DE ALENCAR;60830632;8;8;3241
2;13897;FORTALEZA;2232;EM CÔNEGO FRANCISCO PEREIRA DA SILVA;RUA LUÍS FRANCISCO XAVIER, 256;PAUPINA;60876790;4;5;1603
2;13897;FORTALEZA;2240;ESCOLA MUNICIPAL ISABEL FERREIRA;RUA ISABEL FERREIRA, 1000 - CONJ. CURIÓ;LAGOA REDONDA;60831525;4;4;1290
3;13897;FORTALEZA;1139;COLÉGIO 7 DE SETEMBRO (SEDE NGS);AV. DO IMPERADOR, 1330;CENTRO;60015052;8;16;3090
3;13897;FORTALEZA;1155;COLÉGIO TIRADENTES VESTIBULARES;RUA PEDRO I, 1106;CENTRO;60035101;3;10;988
3;13897;FORTALEZA;1228;SENAI;RUA PADRE IBIAPINA, 1280;JACARECANGA;60010690;4;8;1292
3;13897;FORTALEZA;1244;SESC;RUA CLARINDO DE QUEIROZ, 1740;CENTRO;60035131;5;5;1876
3;13897;FORTALEZA;1295;TEATRO JOSÉ DE ALENCAR;RUA 24 DE MAIO, 600;CENTRO;60020000;3;5;1014
3;13897;FORTALEZA;1660;COLÉGIO ESTADUAL LICEU DO CEARÁ;PRAÇA GUSTAVO BARROSO, 01;JACARECANGA;60010700;30;30;8836
3;13897;FORTALEZA;1708;COLÉGIO MILITAR DO CORPO DE BOMBEIROS;RUA ADRIANO MARTINS, 436;JACARECANGA;60010590;7;7;1743
3;13897;FORTALEZA;1937;EMEIF MOURA BRASIL;RUA PADRE MORORÓ, 189;MOURA BRASIL;60010100;5;5;1854
3;13897;FORTALEZA;1988;CÍRCULO MILITAR DE FORTALEZA;RUA CANUTO DE AGUIAR, 425;MEIRELES;60160120;9;9;3582
3;13897;FORTALEZA;1996;RECEITA FEDERAL (GER. REG. DE ADM. DO MIN. DA FAZ. NO CEARÁ);RUA BARÃO DE ARACATI, 909;ALDEOTA;60115901;5;5;2463
3;13897;FORTALEZA;2003;COLÉGIO CHRISTUS (BARÃO DE STUDART);RUA JOÃO CARVALHO, 630;ALDEOTA;60140140;18;18;7911
3;13897;FORTALEZA;2011;EEFM RENATO BRAGA;AV. RUI BARBOSA, 2000;ALDEOTA;60115221;8;8;3013
3;13897;FORTALEZA;2020;CENTRO DE PASTORAL MARIA, MÃE DA IGREJA;RUA RODRIGUES JÚNIOR, 300;CENTRO;60060000;3;5;1130
3;13897;FORTALEZA;2062;EEFM PARÓQUIA DA PAZ;RUA VISCONDE DE MAUÁ, 905/A;MEIRELES;60125160;6;6;2648
3;13897;FORTALEZA;2089;INSTITUTO CEARENSE DE EDUCAÇÃO DE SURDOS;AV. RUI BARBOSA, 1970;ALDEOTA;60115221;5;5;1758
3;13897;FORTALEZA;2208;COLÉGIO ANTARES (PRAIA DE IRACEMA);RUA HISTORIADOR GUARINO ALVES, 95;PRAIA DE IRACEMA;60060295;13;13;3999
3;13897;FORTALEZA;2259;IDEAL CLUBE;AV. MONSENHOR TABOSA,  1381;MEIRELES;60165011;8;8;3197
3;13897;FORTALEZA;2348;FACULDADE ARI DE SÁ (ANTIGO EVOLUTIVO CAPITAL);AV. HERÁCLITO GRAÇA, 826;CENTRO;60140060;15;15;4661
3;13897;FORTALEZA;2380;EEFM CLÓVIS BEVILAQUA;AV. DOM MANUEL, 511;CENTRO;60060090;4;4;1467
3;13897;FORTALEZA;2402;COLÉGIO ESTADUAL JUSTINIANO DE SERPA;AV. SANTOS DUMONT, 56;CENTRO;60150160;9;26;3670
3;13897;FORTALEZA;2410;COLÉGIO ARI DE SÁ CAVALCANTE (CENTRO);AV. DUQUE DE CAXIAS, 519;CENTRO;60035110;8;16;3579
3;13897;FORTALEZA;2488;EMEIF ALBA FROTA;AV. DOM MANUEL, 914;CENTRO;60060090;3;11;939
3;13897;FORTALEZA;2526;EEFM VISCONDE DO RIO BRANCO;AV. DOM MANUEL, 1803;CENTRO;60060091;4;8;1367
3;13897;FORTALEZA;2666;EMEIF SÃO RAFAEL;RUA DOS TABAJARAS, 244;PRAIA DE IRACEMA;60060510;7;7;2191
3;13897;FORTALEZA;2682;SECRETARIA DA SAÚDE DO ESTADO DO CEARÁ;AV. ALMIRANTE BARROSO, 600;PRAIA DE IRACEMA;60060440;5;5;1933
3;13897;FORTALEZA;2712;UNICE ENSINO SUPERIOR;RUA DONA LEOPOLDINA, 912;CENTRO;60110001;5;5;1312
3;13897;FORTALEZA;2941;EEFM SANTA LUZIA;RUA JOÃO CORDEIRO, 711;PRAIA DE IRACEMA;60110300;7;7;3092
3;13897;FORTALEZA;2976;FAC. CATÓLICA DE FORTALEZA (SEMINÁRIO DA PRAINHA);RUA TENENTE BENÉVOLO, 201;CENTRO;60160040;5;10;1763
3;13897;FORTALEZA;2984;CEPEP ESCOLA TÉCNICA (ANTIGO PRÉDIO DO EVOLUTIVO);RUA 24 DE MAIO, 1255;CENTRO;60020001;3;7;872
3;13897;FORTALEZA;3034;EMEIF SECRETÁRIO PAULO PETROLA;RUA CARNEIRO DA CUNHA, 415;JACARECANGA;60010470;3;6;1013
3;13897;FORTALEZA;3042;EM JOSÉ DIAS MACEDO - EF;RUA NUNES VALENTE, 809;MEIRELES;60125070;5;5;2128
3;13897;FORTALEZA;3050;CENTRO RECREATIVO F-80;RUA DEPUTADO MOREIRA DA ROCHA, 620;MEIRELES;60160060;3;3;1336
3;13897;FORTALEZA;3077;COLÉGIO DARWIN;RUA ILDEFONSO ALBANO, 1030;ALDEOTA;60115000;12;12;4548
3;13897;FORTALEZA;3107;FIC / ESTÁCIO - UNIDADE MOREIRA CAMPOS;RUA VISCONDE DE MAUÁ, 1940;ALDEOTA;60160140;13;13;4364
3;13897;FORTALEZA;3115;FAC. ESTÁCIO - UNIDADE CENTRO (ANTIGO COLÉGIO CEARENSE);AV. DUQUE DE CAXIAS, 101;CENTRO;60035111;5;10;2055
3;13897;FORTALEZA;3123;ESCOLA DE SAÚDE PÚBLICA DO CEARÁ;AV. ANTÔNIO JUSTA, 3161;MEIRELES;60165090;10;10;3942
3;13897;FORTALEZA;3131;COLÉGIO ANTARES (RUA BARBOSA DE FREITAS);RUA BARBOSA DE FREITAS, 2058;ALDEOTA;60170021;8;8;2595
3;13897;FORTALEZA;3140;COLÉGIO SANTA CECÍLIA;AV. SENADOR VIRGÍLIO TÁVORA, 2000;ALDEOTA;60170078;13;14;5186
3;13897;FORTALEZA;3158;COLÉGIO ESPAÇO ABERTO - DOM LUÍS;AV. DOM LUÍS, 730;ALDEOTA;60160196;6;6;2373
3;13897;FORTALEZA;3166;ESCOLA DE SAÚDE PÚBLICA - NEPE (ANEXO);AV. ANTÔNIO JUSTA, 3161;MEIRELES;60165090;5;5;1969
3;13897;FORTALEZA;3174;COLÉGIO BATISTA - SANTOS DUMONT;RUA DESEMBARGADOR LEITE ALBUQUERQUE, 1056;ALDEOTA;60150150;15;15;5936
3;13897;FORTALEZA;3182;NÁUTICO ATLÉTICO CEARENSE;AV. DA ABOLIÇÃO, 2727;MEIRELES;60165081;8;8;3194
80;13897;FORTALEZA;1015;EM YOLANDA QUEIROZ;AV. GAL. MURILO BORGES, 864;ALTO DA BALANÇA;60851250;6;6;1979
80;13897;FORTALEZA;1023;EEFM ESTADO DO PARÁ;RUA DJALMA PETIT 589;ALTO DA BALANÇA;60851120;11;11;4337
80;13897;FORTALEZA;1031;IGREJA PRESBITERIANA DE AEROLÂNDIA;RUA CAPITÃO OLAVO, 1001;ALTO DA BALANÇA;60851220;4;4;1041
80;13897;FORTALEZA;1040;EEFM JOAQUIM ANTÔNIO ALBANO;RUA JULIO SIQUEIRA 390;DIONISIO TORRES;60130090;8;8;3131
80;13897;FORTALEZA;1074;ESCOLA N.SRA SAGRADO CORAÇÃO -  (LYONS);RUA ANA GONCALVES  N. 01;SÃO JOÃO DO TAUAPE;60130490;2;2;579
80;13897;FORTALEZA;1082;EEFM CEL PROF JOSÉ AURÉLIO CÂMARA;RUA JORGE ACURCIO, 655;VILA UNIÃO;60410800;13;13;4720
80;13897;FORTALEZA;1090;AABB - ASSOCIAÇÃO ATLÉTICA BANCO DO BRASIL;AV BARAO DE STUDART, 2917;DIONISIO TORRES;60120375;4;4;1674
80;13897;FORTALEZA;1104;COLÉGIO MONSENHOR JOVINIANO BARRETO;RUA FREI VIDAL 1621;SÃO JOÃO DO TAUAPE;60120100;7;8;2824
80;13897;FORTALEZA;1112;CENTRO EDUC. DA JUV. PE. JOÃO PIAMARTA - AGUANAMBI;AV. AGUANAMBI, 2479;FÁTIMA;60055401;9;9;2972
80;13897;FORTALEZA;1120;COLÉGIO NOSSA SENHORA DAS GRAÇAS;RUA MONSENHOR OTÁVIO DE CASTRO, 535;FÁTIMA;60050150;12;12;4725
80;13897;FORTALEZA;1139;COLÉGIO SANTO TOMÁZ DE AQUINO;RUA MÁRIO MAMEDE, 750;FÁTIMA;60415000;4;4;1358
80;13897;FORTALEZA;1147;EEFM PROFª  MARIA CONCEICÃO PORFÍRIO TELES;RUA MONTE CRISTO, 177;AEROLÂNDIA;60850270;4;4;1289
80;13897;FORTALEZA;1155;UAPS CESAR CALS DE OLIVEIRA;RUA CAPITÃO ARAGÃO 555;ALTO DA BALANÇA;60851150;5;5;1625
80;13897;FORTALEZA;1163;EEF CIRCULISTA BOM JESUS;RUA JOSE BUSON 101;ALTO DA BALANÇA;60851170;7;7;2561
80;13897;FORTALEZA;1171;EM PROFESSORA EDITH BRAGA;RUA CAPITAO VASCONCELOS 1061;ALTO DA BALANÇA;60851220;10;10;3961
80;13897;FORTALEZA;1180;EEFM PADRE ROCHA;RUA CEL ALVES TEIXEIRA 525;JOAQUIM TÁVORA;60130000;7;7;2636
80;13897;FORTALEZA;1198;EEFM D. LUIZA TÁVORA - PIO XII;RUA ANA GONCALVES, 947;SÃO JOÃO DO TAUAPE;60130490;6;6;2215
80;13897;FORTALEZA;1201;EEFM NOEL HUGNEN OLIVEIRA PAIVA;RUA MONSENHOR SALAZAR 279;SÃO JOÃO DO TAUAPE;60130370;12;12;4714
80;13897;FORTALEZA;1236;IGREJA DO BRAZ - CENTRO PASTORAL PIO XII;RUA EVARISTO REIS C/ AV RAUL BARBOSA;SÃO JOÃO DO TAUAPE;60000000;1;1;253
80;13897;FORTALEZA;1252;COLÉGIO JENNY GOMES;AV. BORGES DE MELO, 210;AEROPORTO;60415510;5;5;1620
80;13897;FORTALEZA;1260;FACULDADE MAURÍCIO DE NASSAU;AVENIDA VISCONDE DO RIO BRANCO, 2078;JOSÉ BONIFÁCIO;60055264;4;4;1476
80;13897;FORTALEZA;1287;ESCOLA MUNICIPAL HAROLDO JORGE BRAUN VIEIRA;AV LAURO VIEIRA CHAVES, 2001;VILA UNIÃO;60422700;5;5;2106
80;13897;FORTALEZA;1295;ESCOLA MUNICIPAL GAL. MANUEL CORDEIRO NETO;RUA JORGE ACURCIO, 900;VILA UNIÃO;60410800;9;9;3430
80;13897;FORTALEZA;1309;ESCOLA MUNICIPAL PAPA JOÃO XXIII;AV TREZE DE ABRIL, 545;VILA UNIÃO;60416230;12;12;4151
80;13897;FORTALEZA;1317;IGREJA MATRIZ DA AEROLÂNDIA - PARÓQUIA N. SRA DO SAGRADO CORAÇÃO;RUA ASPIRANTE MENDES, 540;AEROLÂNDIA;60851280;1;2;431
80;13897;FORTALEZA;1325;ASSEMBLÉIA LEGISLATIVA;AVENIDA DESEMBARGADOR MOREIRA 2807;DIONISIO TORRES;60170002;10;10;4090
80;13897;FORTALEZA;1333;COLÉGIO CHRISTUS - DIONÍSIO TORRES;RUA ISRAEL BEZERRA 630;DIONISIO TORRES;60135460;6;6;2375
80;13897;FORTALEZA;1341;COLÉGIO SANTO INACIO;AVENIDA DESEMBARGADOR MOREIRA 2355;DIONISIO TORRES;60170002;12;12;4804
80;13897;FORTALEZA;1368;COLÉGIO IRMÃ MARIA MONTENEGRO;RUA PINHO PESSOA 681;JOAQUIM TÁVORA;60135170;14;14;6037
80;13897;FORTALEZA;1376;COLÉGIO SALESIANO DOM BOSCO;AV ANTONIO SALES 116;JOAQUIM TÁVORA;60135100;13;13;5040
80;13897;FORTALEZA;1384;EMEIF ALMERINDA DE ALBUQUERQUE;RUA ANA GONCALVES 1105;SÃO JOÃO DO TAUAPE;60130490;7;7;2540
80;13897;FORTALEZA;1392;INSTITUTO DE EDUCAÇÃO DO CEARÁ;RUA GRACILIANO RAMOS, 52;FÁTIMA;60415050;11;11;3465
80;13897;FORTALEZA;1406;ESCOLA MISSIONÁRIO EURICO BERGSTEN;RUA CRUZ ABREU 204;SÃO JOÃO DO TAUAPE;60130440;5;5;1461
80;13897;FORTALEZA;1414;COLÉGIO SHALON;RUA TIBÚRCIO FROTA, 1530 COM OSVALDO CRUZ;SÃO JOÃO DO TAUAPE;60130301;11;11;3065
80;13897;FORTALEZA;1422;EEM GOV. ADAUTO BEZERRA;RUA MONSENHOR LIBERATO, 1850;FÁTIMA;60411150;11;11;3678
80;13897;FORTALEZA;1430;COLÉGIO MAURO BEZERRA;RUA BRIGADEIRO VILELA, 221;AEROLÂNDIA;60850780;6;6;2263
80;13897;FORTALEZA;1449;COLÉGIO ANTARES (VILA UNIÃO);RUA ALBERTO MONTEZUMA, 235;VILA UNIÃO;60410770;1;2;295
80;13897;FORTALEZA;1465;RATIO FACULDADE;RUA ISAAC AMARAL, 420;DIONISIO TORRES;60130120;8;9;2409
80;13897;FORTALEZA;1473;ANEXO - COLÉGIO MONSENHOR JOVINIANO BARRETO;RUA FREI VIDAL, 1680;SÃO JOÃO DO TAUAPE;60120100;4;5;1583
80;13897;FORTALEZA;1481;CENTRO DE FORMAÇÃO CAPACITAÇÃO E PESQUISA FREI HUMBERTO;RUA PAULO FIRMEZA, 445;SÃO JOÃO DO TAUAPE;60130420;7;8;2492
82;13897;FORTALEZA;1600;E. M. E. I. F. TERTULIANO CAMBRAIA;RUA MONSENHOR ROSA, 943;JACARECANGA;60310440;10;10;3538
82;13897;FORTALEZA;2500;CENTRO EDUCACIONAL SÃO MATEUS;AV. SARGENTO HERMÍNIO, 2440;MONTE CASTELO;60320504;3;3;1117
82;13897;FORTALEZA;1139;E. M. E. I. F.  NOSSA SENHORA DO PERPETUO SOCORRO;RUA CONSUL GOUVEIA, 57;ÁLVARO WEYNE;60335390;15;15;4365
82;13897;FORTALEZA;1147;COLEGIO CRISTO REDENTOR;AV. PASTEUR, 372;CRISTO REDENTOR;60335000;7;7;2614
82;13897;FORTALEZA;1155;COLEGIO MANUEL DA SILVA - CARLITO PAMPLONA;AV. FRANCISCO SA, 4001;CARLITO PAMPLONA;60310001;10;10;3865
82;13897;FORTALEZA;1163;EMEIF - PATATIVA DO ASSARÉ;RUA FREI TEOBALDO, 646;ÁLVARO WEYNE;60335220;8;8;2812
82;13897;FORTALEZA;1198;E. M. E. I. F. SEBASTIANA ALDIGUIERI;AV. DOUTOR THEMBERG, 448;ÁLVARO WEYNE;60335480;8;8;3138
82;13897;FORTALEZA;1295;C .E. J. A.  MONSENHOR HELIO CAMPOS;AV. MONSENHOR HELIO CAMPOS, S/N;CRISTO REDENTOR;60336800;9;9;2892
82;13897;FORTALEZA;1317;E. E. F.  LYONS JANGADA;RUA CAMELIA, 352;CRISTO REDENTOR;60337380;10;10;3716
82;13897;FORTALEZA;1325;E. E. F. M.  SALES CAMPOS;RUA JACINTO MATOS, 730;JACARECANGA;60310210;8;8;2933
82;13897;FORTALEZA;1341;CENTRO DE SAUDE CARLOS RIBEIRO;RUA JACINTO MATOS, 944;JACARECANGA;60310210;6;6;2269
82;13897;FORTALEZA;1465;INSTITUTO MERITHUS DE EDUCAÇÃO, CULTURA E ESPORTE (ANTIGO IDECC - UVA);AV. BEZERRA DE MENEZES, 1034;MONTE CASTELO;60325001;6;6;1955
82;13897;FORTALEZA;1481;E. E. F. M.  CLAUDIO MARTINS;RUA DEMOCRITO ROCHA 400;MONTE CASTELO;60325200;11;11;3801
82;13897;FORTALEZA;1490;ESCOLA DE ENSINO PROFISSIONAL DONA CREUZA DO CARMO;AV. SARGENTO HERMINIO SAMPAIO, 2006;MONTE CASTELO;60350501;14;14;5479
82;13897;FORTALEZA;1503;E. M. E. I. F.  DESEMBARGADOR FAUSTINO DE ALBUQUERQUE;RUA AMARO CAVALCANTE, 221;MONTE CASTELO;60326130;5;5;1744
82;13897;FORTALEZA;1538;E. M. E. I. F. PROFESSOR  MARTINS DE AGUIAR;RUA BERNARDO PORTO, 470;VILA ELLERY;60320570;12;12;4563
82;13897;FORTALEZA;1554;COLÉGIO  PROFESSOR EURIDICE;RUA NATURALISTA FEIJO, 736;MONTE CASTELO;60326220;5;5;1963
82;13897;FORTALEZA;1562;COLEGIO MATER AMABILIS;RUA PADRE ANCHIETA, 438;MONTE CASTELO;60325520;7;7;2696
82;13897;FORTALEZA;1597;CENTRO EDUCACIONAL MOEMA TAVORA;RUA MARCILIO DIAS, 485;CRISTO REDENTOR;60310750;8;8;2991
82;13897;FORTALEZA;1635;E.E.F.M. DOM HELIO CAMPOS;RUA SAO RAIMUNDO, 199;CRISTO REDENTOR;60311030;12;12;4141
82;13897;FORTALEZA;1643;ESCOLA DE 1 GRAU FLAVIO MARCILIO;AVENIDA PASTEUR, 575;CRISTO REDENTOR;60335000;12;12;4492
82;13897;FORTALEZA;1651;E.M. E. I. F. HILBERTO SILVA;AV. PRESIDENTE CASTELO BRANCO, 2973;JACARECANGA;60312060;11;11;3957
82;13897;FORTALEZA;1937;E. M. E. I. F.  GUSTAVO BARROSO;TRAV. JUVENAL, SN;SÃO GERARDO;60325105;7;7;2183
82;13897;FORTALEZA;1996;ESCOLA MUNICIPAL HONÓRIO BEZERRA;RUA CAPITÃO NESTOR GOES, 400;VILA ELLERY;60320380;6;6;2135
82;13897;FORTALEZA;2151;E. M. E. I. F. SANTA TEREZA;AV. MONS HELIO CAMPOS, 90;CRISTO REDENTOR;60336800;7;7;2126
82;13897;FORTALEZA;2240;CENTRO DE EDUCACAO DE JOVENS E ADULTOS PAULO FREIRE;AV. OLAVO BILAC,  1300;SÃO GERARDO;60320300;9;9;2650
82;13897;FORTALEZA;2356;COLEGIO MASTER BEZERRA DE MENEZES;AV. BEZERRA DE MENEZES, 1802;SÃO GERARDO;60325002;15;16;4953
82;13897;FORTALEZA;2410;ASSOCIACAO DE CANTADORES DO NORDESTE;RUA COELHO FONSECA 195;ÁLVARO WEYNE;60335050;3;3;1082
82;13897;FORTALEZA;2429;E. M. E. I. F.  CURA DARS;RUA SANTA ELIZA, 722;CRISTO REDENTOR;60311020;6;6;2138
82;13897;FORTALEZA;2461;E. M. E. I. F.  LENIRA JUREMA DE MAGALHÃES;RUA TEOFILO GURGEL, 111;MONTE CASTELO;60325250;10;10;3064
82;13897;FORTALEZA;2496;FEDERAÇÃO DO MOVIMENTO COMUNITÁRIO DO PIRAMBU- FEMOCOPI;AV. PRESIDENTE CASTELO BRANCO, 2709;JACARECANGA;60312060;5;6;1582
82;13897;FORTALEZA;2518;SECRETARIA DE DESENVOLVIMENTO AGRÁRIO DO ESTADO DO CEARÁ;AV. BEZERRA DE MENZES, 1820;SÃO GERARDO;60325901;8;8;2669
82;13897;FORTALEZA;2526;EM ANTONIO MENDES;RUA DONA MENDINHA 682;CRISTO REDENTOR;60337385;7;7;2460
82;13897;FORTALEZA;2534;EMEIF ALDEÍDES REGIS   - (ALVARO WEYNE);RUA IRINEU DE SOUSA, 197;ÁLVARO WEYNE;60337180;4;4;1259
82;13897;FORTALEZA;2542;EEMF PROF JOSE VALDO RIBEIRO RAMOS;RUA PEDRO AMÉRICO 100;ÁLVARO WEYNE;60337220;14;14;5013
82;13897;FORTALEZA;2550;CLUBE SECAI (SEÇÕES DO CSF GUIOMAR ARRUDA);RUA NOSSA SENHORA DAS GRAÇAS, 45;PIRAMBU;60310770;5;5;1702
82;13897;FORTALEZA;2569;E.M.E.I.F. VIRGILIO TAVORA (SEÇÕES DO MARVIN);AV. MONSENHOR HÉLIO CAMPOS, S/N;CRISTO REDENTOR;60336800;15;15;5013
83;13897;FORTALEZA;1031;COLÉGIO DA POLÍCIA MILITAR DO CEARÁ GENERAL EDGARD FACÓ;AVENIDA MISTER HULL,  S/N - KM 1;ANTÔNIO BEZERRA;60356001;5;6;2004
83;13897;FORTALEZA;1074;EMEIF DOM JOSE TUPINAMBA DA FROTA;RUA VIRIATO RIBEIRO 1031;BELA VISTA;60442640;8;8;3147
83;13897;FORTALEZA;1090;EMEF ECONOMISTA NILSON HOLANDA;RUA VIRIATO RIBEIRO 890;BELA VISTA;60442640;9;9;3480
83;13897;FORTALEZA;1112;EEFM  ESTADO DO AMAZONAS;RUA MONSENHOR FURTADO 2327;BELA VISTA;60441750;10;10;3889
83;13897;FORTALEZA;1171;EMEIF PAULO SARASATE;RUA PEDRO MUNIZ 250;DEMOCRITO ROCHA;60440060;6;6;2211
83;13897;FORTALEZA;1180;EEFM SEN. FERNANDES TAVORA;RUA GOIÁS 141;BELA VISTA;60441125;14;14;5161
83;13897;FORTALEZA;1198;EEFM JOAQUIM ALVES;RUA ESTADO DO RIO 955;DEMOCRITO ROCHA;60440145;6;6;2359
83;13897;FORTALEZA;1260;EMEIF SANTA MARIA;RUA CUIABÁ 1465;HENRIQUE JORGE;60510182;10;10;3524
83;13897;FORTALEZA;1279;EEFM  MARIANO MARTINS;AVENIDA SENADOR FERNANDES TÁVORA 1445;HENRIQUE JORGE;60510291;14;14;5249
83;13897;FORTALEZA;1317;CENTRO SOCIAL GOV. CESAR CALS;AVENIDA CEL MATOS DOURADO 1499;PICI;60511745;7;7;2590
83;13897;FORTALEZA;1325;EEFM JULIA GIFFONI;RUA CORONEL MATOS DOURADO 1349;PICI;60511745;10;10;3827
83;13897;FORTALEZA;1333;EEFM ANTONIETA SIQUEIRA;RUA GUARANI 04;HENRIQUE JORGE;60520455;17;17;6446
83;13897;FORTALEZA;1341;EMEIF PRESIDENTE KENNEDY;AVENIDA LINEU MACHADO 811;JÓQUEI CLUBE;60520101;8;8;2440
83;13897;FORTALEZA;1392;EEFM  HERACLITO DE CASTRO E SILVA;RUA SILVEIRA FILHO 808;JÓQUEI CLUBE;60520055;9;9;3516
83;13897;FORTALEZA;1546;EMEIF JOSÉ BATISTA DE OLIVEIRA;RUA GOIÁS 620;PAN AMERICANO;60441005;16;16;6018
83;13897;FORTALEZA;1554;EEFM ANISIO TEIXEIRA;RUA RIO GRANDE DO SUL 680;PAN AMERICANO;60440805;11;11;3860
83;13897;FORTALEZA;1767;EM DR. JOSE BONIFÁCIO DE SOUSA;RUA PERNAMBUCO 600;DEMOCRITO ROCHA;60440140;12;12;4722
83;13897;FORTALEZA;1945;COLEGIO CHRISTUS;RUA HUMBERTO MONTE 1355;BELA VISTA;60442611;11;11;3950
83;13897;FORTALEZA;1988;CENTRO EDUCACIONAL SÃO SEBASTIÃO;RUA GUANABARA 1003;DEMOCRITO ROCHA;60440135;3;3;1185
83;13897;FORTALEZA;2208;COLÉGIO LUCÊ;RUA CUIABÁ 155;JÓQUEI CLUBE;60510055;6;6;2211
83;13897;FORTALEZA;2216;EMEIF ADROALDO TEIXEIRA CASTELO;RUA ALAGOAS 2267;PICI;60440387;6;6;2286
83;13897;FORTALEZA;2224;CMES PROFESSOR JOSE SOBREIRA AMORIM;RUA ESTRADA DO PICI 1083;HENRIQUE JORGE;60510206;6;6;2231
83;13897;FORTALEZA;2240;EMEIF PROFESSORA MARIA LIDUINA CORREA LEITE;RUA FERNÃO MAGALHÃES 120;PICI;60440550;5;6;1932
83;13897;FORTALEZA;2259;FACULDADE INTEGRADA DA GRANDE FORTALEZA;AVENIDA PORTO VELHO 401;JOÃO XXIII;60525571;19;19;7284
83;13897;FORTALEZA;2313;EEFM PROFESSOR PAULO FREIRE;AVENIDA SENADOR FERNANDES TÁVORA 1936;HENRIQUE JORGE;60510290;15;15;5812
83;13897;FORTALEZA;2330;EMEIF DAGMAR GENTIL;RUA DESEMBARGADOR PEDRO PAULO 1740;HENRIQUE JORGE;60510365;6;6;2182
83;13897;FORTALEZA;2348;CENTRO EDUCACIONAL BRASILEIRINHO;AVENIDA SENADOR FERNANDES TÁVORA, 1717;HENRIQUE JORGE;60510291;5;5;1961
83;13897;FORTALEZA;2356;EDUCANDARIO FELIPE DOS SANTOS;RUA TERESINA 313;HENRIQUE JORGE;60521094;3;3;1161
83;13897;FORTALEZA;2364;EMEF CEL. MURILO SERPA;RUA MONSENHOR HIPÓLITO BRASIL 1400;DOM LUSTOSA;60526055;2;2;545
83;13897;FORTALEZA;2372;EEFM JOAO PAULO II;RUA PROFESSOR HERIBALDO COSTA 1125;HENRIQUE JORGE;60521055;2;2;723
83;13897;FORTALEZA;2380;ESCOLA UMA JANELA PARA O MUNDO;RUA JÚLIO BRAGA 1014;JOÃO XXIII;60520130;3;3;1186
83;13897;FORTALEZA;2402;ESCOLA PEQUENO PRÍNCIPE;RUA SILVEIRA FILHO, 825;JÓQUEI CLUBE;60520055;3;3;1131
83;13897;FORTALEZA;2429;COLÉGIO LUNA RANGEL;RUA EURICO MEDINA, 959;HENRIQUE JORGE;60521075;3;3;1113
83;13897;FORTALEZA;2453;COLÉGIO PROFESSORA JEMINA GÓIS;RUA GUANABARA, 627;DEMOCRITO ROCHA;60440135;4;4;1495
83;13897;FORTALEZA;2461;COLÉGIO ELITE;AVENIDA JOÃO PESSOA, 6302;MONTESE;60425682;7;7;2385
83;13897;FORTALEZA;2470;EMEIF JOSÉ NAURI BRAGA;RUA PROFESSORA LILIA ABREU, 231;BELA VISTA;60442525;5;5;1695
83;13897;FORTALEZA;2488;EMEIF CÉSAR CALS (CEI MURILO SERPA);RUA CEL. MATOS DOURADO 1270;DOM LUSTOSA;60360590;4;4;1191
85;13897;FORTALEZA;1015;COLÉGIO AFONSO ANDRADE;AV. PERIMETRAL, 168;ANTÔNIO BEZERRA;60360590;3;3;723
85;13897;FORTALEZA;1023;ESCOLA MARIA ÍRIS DE PAULA AMARAL;RUA TOMÁS CAVALCANTE, 460;AUTRAN NUNES;60526550;4;4;1192
85;13897;FORTALEZA;1031;CEJA ADELINO DE ALCANTARA FILHO - UV-6;RUA SEISCENTOS E DOZE, 100, 1A ETAPA;CONJUNTO CEARÁ I;60531560;8;8;2792
85;13897;FORTALEZA;1040;CENTRO DA CIDADANIA LUCIO ALCANTARA;AV. ALANIS MARIA LAURINDO DE OLIVEIRA, 461, 1A ETAPA;CONJUNTO CEARÁ I;60533603;13;13;4312
85;13897;FORTALEZA;1058;EMEIF AUTRAN NUNES;RUA PROFESSOR VIRGILIO MORAIS SN;AUTRAN NUNES;60526720;7;7;2428
85;13897;FORTALEZA;1066;COLÉGIO LUÍSA TÁVORA (PARTICULAR);RUA 1050, N 171, 4 ETAPA;CONJUNTO CEARÁ I;60533000;10;10;3418
85;13897;FORTALEZA;1074;EEEP PROFESSOR CESAR CAMPELO;RUA 717, N.164, 3 ETAPA;CONJUNTO CEARÁ I;60531700;8;8;2317
85;13897;FORTALEZA;1082;EEF GOVERNADOR FAUSTINO ALBUQUERQUE - UV1;RUA 143 N 155 - 1 ETAPA;CONJUNTO CEARÁ I;60530210;12;12;4356
85;13897;FORTALEZA;1090;EM BERGSON GURJÃO FARIAS;AVENIDA SENADOR FERNANDES TÁVORA, 2500;AUTRAN NUNES;60526242;7;7;2726
85;13897;FORTALEZA;1104;INSTITUTO EDUCACIONAL JOSE DE ALENCAR;RUA HUGO VITOR 730;ANTÔNIO BEZERRA;60360820;6;7;2018
85;13897;FORTALEZA;1112;EEFM MARIO HUGO CIDRAK DO VALE;RUA DR. PERIGUARI, 547;ANTÔNIO BEZERRA;60360600;2;2;683
85;13897;FORTALEZA;1120;CENTRO INFANTIL BETESDA;RUA BARÃO DE COTEGIPE, 522;AUTRAN NUNES;60526730;10;10;3268
85;13897;FORTALEZA;1139;EEFM JOSE LEOPOLDINO DA SILVA FILHO - UV4;RUA QUATROCENTOS E QUARENTA E OITO, 1, 2A ETAPA;CONJUNTO CEARÁ I;60531180;8;8;3148
85;13897;FORTALEZA;1147;EMEIF IRMÃ MARIA EVANETE;AV D, 1015 2 ETAPA;CONJUNTO CEARÁ I;60533621;4;4;1150
85;13897;FORTALEZA;1155;ESCOLA JOÃO PAULO II;AV C N. 1381 2 ETAPA;CONJUNTO CEARÁ I;60533617;6;6;2044
85;13897;FORTALEZA;1163;EMEIF EDILSON BRASIL SOAREZ - UV 3;RUA 303D, N 67, 2 ETAPA;CONJUNTO CEARÁ I;60530630;4;4;1158
85;13897;FORTALEZA;1171;ESCOLA MUNICIPAL PROF AMERICO BARREIRA;RUA RICARDO PONTES 529;PARQUE GENIBAÚ;60534020;13;13;5037
85;13897;FORTALEZA;1180;EEFM MARIA ANTONIETA NUNES - UV 9 (ANTIGO CESAR CAMPELO);RUA 916 SN 4 ETAPA;CONJUNTO CEARÁ I;60531390;9;10;3466
85;13897;FORTALEZA;1198;EEM LICEU DO CONJUNTO CEARA;RUA 1139 A, 10 4 ETAPA;CONJUNTO CEARÁ I;60533430;10;10;3777
85;13897;FORTALEZA;1201;EEFM PROF ADEMAR NUNES BATISTA UV-11A;RUA MIL CENTO E CINQUENTA E NOVE, N. 06, 4A ETAPA;CONJUNTO CEARÁ I;60533540;8;8;2928
85;13897;FORTALEZA;1210;EEM PROF JOSE MARIA CAMPOS DE OLIVEIRA - UV 8;RUA 820 S/N - 3 ETAPA;CONJUNTO CEARÁ I;60532200;11;11;3903
85;13897;FORTALEZA;1236;ESCOLA PE JOSE ARIMATEIA DINIZ;RUA OITOCENTOS E DEZ, S/N, 3A ETAPA (AO LADO DA UPA);CONJUNTO CEARÁ I;60532150;3;3;978
85;13897;FORTALEZA;1244;EEF PATRONATO DA SAGRADA FAMILIA;RUA MARTINS NETO 379;ANTÔNIO BEZERRA;60360400;6;6;1865
85;13897;FORTALEZA;1252;EMEIF DOLORES ALCANTARA;RUA CARDEAL ARCOVERDE S/N;AUTRAN NUNES;60526400;12;12;4116
85;13897;FORTALEZA;1260;EEFM PROF PLACIDO ADERALDO CASTELO - UV 7B;RUA SETECENTOS E VINTE E UM, 100, 3A ETAPA;CONJUNTO CEARÁ I;60531720;13;13;4556
85;13897;FORTALEZA;1279;EEFM PROF. EDMILSON GUIMARAES DE ALMEIDA UV 10;RUA 1074 S/N (PROX. HOSPITAL), 4 ETAPA;CONJUNTO CEARÁ I;60533120;5;5;1789
85;13897;FORTALEZA;1287;EMEIF GERARDO MILTON DE SA;RUA VALE COSTA S/N;ANTÔNIO BEZERRA;60360720;7;7;2243
85;13897;FORTALEZA;1295;EEFM ANTONIO BEZERRA;RUA PADRE PERDIGAO SAMPAIO 780;ANTÔNIO BEZERRA;60361010;14;14;4707
85;13897;FORTALEZA;1309;EEF JOSE MILITAO DE ALBUQUERQUE - UV-11-B;RUA MIL CENTO E QUARENTA E CINCO, 1 , 4A ETAPA;CONJUNTO CEARÁ I;60533470;6;6;2093
85;13897;FORTALEZA;1325;ESCOLA MUNICIPAL DEP MURILO AGUIAR;RUA 24 DE OUTUBRO 1069;PARQUE GENIBAÚ;60534130;9;9;3528
85;13897;FORTALEZA;1333;EEFM DR UBIRAJARA INDIO DO CEARA - UV-7A;RUA SETECENTOS E CINQUENTA E UM, 192, 3A ETAPA;CONJUNTO CEARÁ I;60532020;11;11;3832
85;13897;FORTALEZA;1341;COLÉGIO ESSENCIAL;RUA PADRE PERDIGÃO SAMPAIO, 889;ANTÔNIO BEZERRA;60310010;5;5;1813
85;13897;FORTALEZA;1350;EMEIF MANOEL CAETANO DE SOUZA;RUA SANTA LUCIA 170;PARQUE GENIBAÚ;60534255;3;3;944
85;13897;FORTALEZA;1368;ESCOLA MUNICIPAL DEP JOAO FREDERICO FERREIRA GOMES;RUA JOSE MENDONCA 1160;PARQUE GENIBAÚ;60534090;6;6;2247
85;13897;FORTALEZA;1376;ESCOLA MUNICIPAL JOAO NUNES PINHEIRO;AVENIDA F, 550, 1A ETAPA;CONJUNTO CEARÁ I;60533644;6;6;1891
85;13897;FORTALEZA;1384;EEFM AYRTON SENNA DA SILVA;RUA MANAUS, 855;DOM LUSTOSA;60526205;13;13;4945
93;13897;FORTALEZA;1015;EM JONATHAN DA ROCHA ALCOFORADO;RUA MARIA GOMES DE SÁ,1030 ARACAPÉ;MONDUBIM;60765173;10;10;3971
93;13897;FORTALEZA;1023;EM RACHEL DE QUEIROZ;AVENIDA C, S/N - II ETAPA;PREFEITO JOSÉ WALTER;60750020;10;10;3974
93;13897;FORTALEZA;1031;EM MINHA VIDA MEUS AMORES;AVENIDA D, 380 - II ETAPA;PREFEITO JOSÉ WALTER;60750030;6;6;2361
93;13897;FORTALEZA;1040;CEI ROGACIANO LEITE;AVENIDA J, 1488 - III ETAPA;PREFEITO JOSÉ WALTER;60750090;4;4;1588
93;13897;FORTALEZA;1058;ESCOLA MUNICIPAL MONTEIRO LOBATO;RUA 83, N 181 2 ETAPA;PREFEITO JOSÉ WALTER;60751050;1;1;311
93;13897;FORTALEZA;1066;EM NOVO RENASCER;RUA LESTE OESTE, 05;MONDUBIM;60762397;2;2;591
93;13897;FORTALEZA;1082;EM OSMIRIO DE OLIVEIRA BARRETO;RUA 10, S/N (CJ SITIO DO CÓRREGO);MONDUBIM;60752110;9;9;3559
93;13897;FORTALEZA;1090;CEI MARIA HERCILIA EVANGELISTA;RUA 3, 300 - PARQUE SANTANA;MONDUBIM;60191070;6;6;2383
93;13897;FORTALEZA;1104;EEFM DEPUTADO JOACI PEREIRA;RUA PROFESSOR PEDRO JORGE, 830;PLANALTO AYRTON SENNA;60760445;8;8;3160
93;13897;FORTALEZA;1112;COLEGIO 21 EDUCAR;AV JOAO DE ARAUJO LIMA, 1240 - II ETAPA;PREFEITO JOSÉ WALTER;60760740;8;8;3166
93;13897;FORTALEZA;1120;COLEGIO VEGA;AVENIDA C, 160;PREFEITO JOSÉ WALTER;60750020;6;6;2341
93;13897;FORTALEZA;1139;EEEP PROFESSOR ONELIO PORTO;AVENIDA E, 471 - II ETAPA;PREFEITO JOSÉ WALTER;60750040;11;11;4347
93;13897;FORTALEZA;1147;EEEP PROFESSOR OTAVIO TERCEIRO DE FARIAS;AVENIDA C, 435;PREFEITO JOSÉ WALTER;60750020;12;12;4735
93;13897;FORTALEZA;1155;EM JOAO HILDO DE CARVALHO FURTADO;RUA MIGUEL ARAGÃO, S/N ARACAPÉ;MONDUBIM;60765065;10;10;3948
93;13897;FORTALEZA;1163;EEFM ESTADO DO MARANHAO;RUA CARLOS PIMENTA,506;MONDUBIM;60752592;12;12;4695
93;13897;FORTALEZA;1171;EM MARIA ZELIA CORREIA DE SOUSA;RUA ANTONIO PEREIRA,1495;PLANALTO AYRTON SENNA;60760525;11;11;4146
93;13897;FORTALEZA;1180;EM ADALBERTO STUDART FILHO;RUA DO CAMPO, 25;PLANALTO AYRTON SENNA;60766395;5;5;1778
93;13897;FORTALEZA;1198;LICEU ESTADUAL DOMINGOS BRASILEIRO;RUA PLANALTINA, S/N;PLANALTO AYRTON SENNA;60760480;13;14;5190
93;13897;FORTALEZA;1201;CEI RACHEL DE QUEIROZ;RUA 41, S/N - II ETAPA;PREFEITO JOSÉ WALTER;60750550;4;4;1586
93;13897;FORTALEZA;1210;CEJA - CENTRO DE EDUCAÇÃO DE JOVENS E ADULTOS;AV. L, S/N - II ETAPA;PREFEITO JOSÉ WALTER;60750110;4;4;1513
93;13897;FORTALEZA;1228;EEFM POLIVALENTE MODELO DE FORTALEZA;AV A (ARAQUÉM AGUIAR), 482 - I ETAPA;PREFEITO JOSÉ WALTER;60750000;12;12;4726
93;13897;FORTALEZA;1236;EM DIOGO VITAL DE SIQUEIRA;AVENIDA L , S/N;PREFEITO JOSÉ WALTER;60750110;8;8;3079
93;13897;FORTALEZA;1244;EM ROGACIANO LEITE;RUA 45, S/N - III ETAPA;PREFEITO JOSÉ WALTER;60750590;7;7;2767
93;13897;FORTALEZA;1252;COLÉGIO SILVIA HELENA NOGUEIRA;RUA 62, 140 - III ETAPA;PREFEITO JOSÉ WALTER;60750760;4;4;1582
93;13897;FORTALEZA;1260;EM PROFESSORA IRENE DE SOUZA PEREIRA;RUA PARQUE UMARI, 100;PLANALTO AYRTON SENNA;60766095;2;2;496
93;13897;FORTALEZA;1279;EM GEISA FIRMO GONÇALVES;RUA ZULEICA PONTES, 1260;PLANALTO AYRTON SENNA;60760425;2;2;663
93;13897;FORTALEZA;1287;ESCOLA MUNICIPAL ARI DE SA CAVALCANTE (JOSÉ WALTER);AV. H, 430 III ETAPA;PREFEITO JOSÉ WALTER;60750070;9;9;3558
93;13897;FORTALEZA;1295;EM FRANCISCO NUNES CAVALCANTE;RUA POETA MÁRIO LINHARES, 561;PREFEITO JOSÉ WALTER;60750160;5;5;1868
94;13897;FORTALEZA;1600;COLEGIO SALOME BASTOS;RUA DESEMBARGADOR HERMES PARAHYBA 1120;VILA VELHA;60330140;8;8;2577
94;13897;FORTALEZA;1023;CENTRO COMUNITARIO CONJUNTO SAO FRANCISCO;RUA ILHA DO BOTE 367;QUINTINO CUNHA;60352620;4;4;1351
94;13897;FORTALEZA;1066;EEF JESUS, MARIA E JOSE;RUA DA MANGUEIRA 134;QUINTINO CUNHA;60352630;5;6;1586
94;13897;FORTALEZA;1074;EEFM JOSE BEZERRA DE MENEZES (POLIVALENTE);RUA ANARIO BRAGA SN;ANTÔNIO BEZERRA;60350350;11;11;2777
94;13897;FORTALEZA;1082;EM PADRE JOSEFINO CABRAL;AV SARGENTO HERMINIO SAMPAIO 5598;ANTÔNIO BEZERRA;60350485;4;4;1341
94;13897;FORTALEZA;1090;COLEGIO JULIA FIALHO;RUA JOSE ACIOLY 73;ANTÔNIO BEZERRA;60350300;16;16;5478
94;13897;FORTALEZA;1120;EM JOAQUIM NOGUEIRA;RUA PADRE PERDIGAO SAMPAIO 250;ANTÔNIO BEZERRA;60352350;9;9;3074
94;13897;FORTALEZA;1180;FACULDADE ATENEU (SEMINARIO SAO VICENTE);RUA SAO VICENTE DE PAULO 300;ANTÔNIO BEZERRA;60352370;7;7;2247
94;13897;FORTALEZA;1333;EM CASTELO DE CASTRO;RUA 43 1531;VILA VELHA;60348340;9;9;3087
94;13897;FORTALEZA;1341;EEFM DONA HILZA DIOGO DE OLIVEIRA;AV I 1040;VILA VELHA;60347780;11;11;3671
94;13897;FORTALEZA;1350;EEFM MARIA MENEZES DE SERPA;RUA DOUTOR QUIXADA FELICIO 141;VILA VELHA;60347470;12;12;3803
94;13897;FORTALEZA;1619;CMES PROF JOSE REBOUCAS MACAMBIRA;RUA CARIÚS 200;JARDIM GUANABARA;60346270;11;11;3373
94;13897;FORTALEZA;1686;EM QUINTINO CUNHA;RUA MARIA CLARA 1263;VILA VELHA;60345290;9;9;2860
94;13897;FORTALEZA;1880;ASSOC DOS MORADORES DO CONJ DOS BANCARIOS;RUA 27 1630;VILA VELHA;60348430;4;4;1386
94;13897;FORTALEZA;1996;EM PROF JOSE PARSIFAL BARROSO;AV MAJOR ASSIS 1076;VILA VELHA;60345150;10;10;3396
94;13897;FORTALEZA;2259;EEFM DEP FCO DE ALMEIDA MONTE;AV. CORONEL CARVALHO 2400;JARDIM IRACEMA;60341630;10;10;3387
94;13897;FORTALEZA;2267;EEM LICEU VILA VELHA;AV. L, 840;VILA VELHA;60347800;8;8;2710
94;13897;FORTALEZA;2275;CENTRO EDUCACIONAL REF MARIA JOSE S F GOMES;RUA DONA LUCIA PINHEIRO, 93;QUINTINO CUNHA;60352670;15;16;5109
94;13897;FORTALEZA;2305;COLEGIO MARIA CARDOSO;RUA FRANCISQUINHA PORTELA 1151;QUINTINO CUNHA;60351840;4;4;1226
94;13897;FORTALEZA;2453;EEFM DOM HELDER CAMARA;RUA ROSINHA SAMPAIO 1157;VILA VELHA;60345660;9;9;3251
94;13897;FORTALEZA;2518;EM HERONDINA LIMA CAVALCANTE;AV D 310;VILA VELHA;60348100;15;15;5148
94;13897;FORTALEZA;2593;EM MANUEL RODRIGUES;RUA MARIA CLARA 1237;VILA VELHA;60345290;5;6;1769
94;13897;FORTALEZA;2607;EM MARIA MARIZA MENDES DE CARVALHO;RUA RAIMUNDO CUNHA 1174;VILA VELHA;60345151;4;4;1147
94;13897;FORTALEZA;2615;EM DEPUTADO GERÔNCIO BEZERRA;TRAVESSA MANUEL NUNES, 42;ANTÔNIO BEZERRA;60356835;4;4;949
94;13897;FORTALEZA;2623;EM JOSÉ CARLOS DA COSTA RIBEIRO;RUA PIO SARAIVA, 335;QUINTINO CUNHA;60352470;2;2;560
94;13897;FORTALEZA;2631;EM PROF JOSÉ DENIZARD MACEDO;RUA MATOSO FILHO 450;QUINTINO CUNHA;60351360;8;8;2745
94;13897;FORTALEZA;2640;EM FRANCISCO EDILSON PINHEIRO;RUA N, 35;VILA VELHA;60349160;6;6;1837
94;13897;FORTALEZA;2658;EM ANTONIO CORREIA LIMA;RUA HERMES PARAYBA, 934;VILA VELHA;60330140;12;12;3985
94;13897;FORTALEZA;2674;COLÉGIO CIENTISTA;RUA 31, 330 - CONJUNTO POLAR;VILA VELHA;60347650;3;3;892
94;13897;FORTALEZA;2682;COLÉGIO DOM FELIPE;AV INDEPENDÊNCIA. 1652;QUINTINO CUNHA;60345530;6;6;2276
94;13897;FORTALEZA;2704;EMEIF LORHAN MARQUES MEDEIROS;RUA CREUZA ROCHA, 255;JARDIM GUANABARA;60346352;4;5;1422
94;13897;FORTALEZA;2712;COLÉGIO DOM QUINTINO;RUA CECIL SALGADO, 53;JARDIM GUANABARA;60346205;2;2;822
94;13897;FORTALEZA;2720;COLEGIO DOM FELIPE - JUNIOR;RUA FRANCISCO MENDES DE OLIVEIRA, 183;QUINTINO CUNHA;60351250;5;5;1742
94;13897;FORTALEZA;2739;EM SÃO CARLOS;RUA 6, 1009;QUINTINO CUNHA;60352150;3;3;933
94;13897;FORTALEZA;2755;COLÉGIO CÍCERO NOGUEIRA (CCN);RUA PARAMBU, 668;VILA VELHA;60347160;4;4;1335
94;13897;FORTALEZA;2763;COLÉGIO INDEPENDÊNCIA;AV. DA INDEPENDÊNCIA, 1362;QUINTINO CUNHA;60346256;4;4;1384
94;13897;FORTALEZA;2780;INSTITUTO DOS CEGOS (ANTÔNIO BEZERRA);RUA DR. JOÃO GUILHERME, 373;ANTÔNIO BEZERRA;60352150;5;6;1351
94;13897;FORTALEZA;2828;INSTITUTO PEDAGÓGICO MIRASSOL;RUA FRANCISQUINHA PORTELA, 2904;QUINTINO CUNHA;60351840;4;4;1389
94;13897;FORTALEZA;2836;CEJA - EUDES VERAS;AV. DEMÉTRIO MENEZES, 130;ANTÔNIO BEZERRA;60356550;2;2;654
94;13897;FORTALEZA;2852;EEFM HERMINIO BARROSO;RUA PADRE GUILHERME 800;PADRE ANDRADE;60356360;10;10;3543
94;13897;FORTALEZA;2860;CIES PROFESSOR CLODOALDO PINTO;RUA BANVARTH BEZERRA 100;PADRE ANDRADE;60356400;11;11;3667
94;13897;FORTALEZA;2879;COLEGIO MONSENHOR DOURADO;AVENIDA SARGENTO HERMÍNIO SAMPAIO 4600;PADRE ANDRADE;60350502;15;15;5580
94;13897;FORTALEZA;2887;CEI SÃO CARLOS;RUA DOS PESCADORES,188;QUINTINO CUNHA;60352640;6;7;1857
94;13897;FORTALEZA;2895;CEI MARISTELA DA FROTA CAVALCANTE;AV. L, N. 1000;VILA VELHA;60347800;5;6;1747
95;13897;FORTALEZA;1015;EEFM PADRE MARCELINO CHAMPAGNAT;RUA DAURA, 120;BARROSO;60862760;13;13;4839
95;13897;FORTALEZA;1341;POSTO DE SAÚDE JOSE BARROS DE ALENCAR;RUA JOSE NOGUEIRA, 180;PEDRAS;60874670;2;3;797
95;13897;FORTALEZA;1031;EM JOAO GERMANO DA PONTE NETO;RUA MAIZA, 549;CONJUNTO PALMEIRAS;60870250;6;6;2163
95;13897;FORTALEZA;1040;EM PROFESSORA BERNADETE ORIÁ DE OLIVEIRA;RUA JOSE LINHARES, 903;CONJUNTO PALMEIRAS;60870040;3;3;992
95;13897;FORTALEZA;1058;EM MARIA HELENICE CAVALCANTE LEITE MARTINS;RUA MAIZA, S/N;CONJUNTO PALMEIRAS;60870250;5;5;1916
95;13897;FORTALEZA;1066;EM LIONS CLUBE FORTALEZA FÁTIMA;TRAVESSA LIONS CLUBE, 141;JANGURUSSU;60865415;5;6;1974
95;13897;FORTALEZA;1074;EM PROFESSOR FRANCISCO DE MELO JABORANDI;AV. GOVERNADOR LEONEL BRIZOLA, 198;JANGURUSSU;60866190;10;10;3649
95;13897;FORTALEZA;1082;EM PROFESSOR ANTONIO GIRAO BARROSO;RUA 37, S/N (CJ SITIO SAO JOAO);JANGURUSSU;60876601;14;14;5538
95;13897;FORTALEZA;1104;ESCOLA SHALOM;RUA FRANCISCO JOSE DA COSTA, 352;BARROSO;60862630;2;2;795
95;13897;FORTALEZA;1112;EM MARIETA CALS;RUA VALPARAISO, 160;CONJUNTO PALMEIRAS;60870440;7;8;2829
95;13897;FORTALEZA;1139;EEFM POETA OTACILIO COLARES;RUA JORGE DA VEIGA, 265;PARQUE SANTA MARIA;60873205;15;15;5981
95;13897;FORTALEZA;1147;DNIT;RODOVIA BR-116, KM 06;CAJAZEIRAS;60864012;12;12;4334
95;13897;FORTALEZA;1155;EM JORNALISTA JOSÉ BLANCHARD GIRÃO DA SILVA;TRAVESSA MISSIONÁRIO OLIVEIRA, 1110;JANGURUSSU;60870603;6;6;2158
95;13897;FORTALEZA;1163;EM TRISTÃO DE ALENCAR;RUA JOSE NOGUEIRA, 69;PEDRAS;60874670;8;8;2783
95;13897;FORTALEZA;1171;EEEP MÁRIO ALENCAR;RUA 44, 97 (CJ. SÍTIO SÃO JOÃO);JANGURUSSU;60876670;10;10;3907
95;13897;FORTALEZA;1180;ANEXO EEFM ALMIRANTE TAMANDARÉ;RUA DO MANDACARU, 1048 CJ ALMIRANTE TAMANDARÉ;JANGURUSSU;60865290;10;10;3662
95;13897;FORTALEZA;1198;EM CÉSAR CALS DE OLIVEIRA NETO;RUA OLIMPIO RIBEIRO, 20;CONJUNTO PALMEIRAS;60870340;4;4;1486
95;13897;FORTALEZA;1201;EM BARBARA DE ALENCAR;RUA CAPITAO PORFIRIO, 544;PARQUE SANTA MARIA;60873135;8;8;3176
95;13897;FORTALEZA;1210;EM FRANCISCA ORIA SERPA;RUA JORGE FIGUEIREDO, 3652;PEDRAS;60874765;5;5;1460
95;13897;FORTALEZA;1228;CENTRO DE CIDADANIA EVANDRO AYRES DE MOURA;AV. CASTELO DE CASTRO, 2842;CONJUNTO PALMEIRAS;60870066;5;5;1879
95;13897;FORTALEZA;1236;CEI MARIA SOCORRO FERREIRA VIRINO;RUA VALPARAÍSO, 339;CONJUNTO PALMEIRAS;60870440;8;9;2989
95;13897;FORTALEZA;1244;EM TAÍS MARIA BEZERRA NOGUEIRA;AV. GOVERNADOR LEONEL BRIZOLA, 710;JANGURUSSU;60866190;10;11;3963
95;13897;FORTALEZA;1252;INSTITUTO EDUCACIONAL VIEIRA;RUA L (CJ JOÃO PAULO II) , 15;BARROSO;60863540;3;4;1200
95;13897;FORTALEZA;1260;EM PROFESSOR OTAVIO DE FARIAS;RUA JOAO FERREIRA, S/N;BARROSO;60862650;9;10;3245
95;13897;FORTALEZA;1279;EEFM PROFESSOR  ALOYSIO BARROS LEAL;RUA 10, 28 (CJ JOAO PAULO II);BARROSO;60863630;8;9;3227
95;13897;FORTALEZA;1287;EEFM PROF. PAULO AYRTON ARAUJO;BR  116 KM 05, AO LADO DA EMPRESA GUANABARA;CAJAZEIRAS;60864190;6;7;2397
95;13897;FORTALEZA;1295;EM SINÓ PINHEIRO;RUA 14, 151 (CJ JOAO PAULO II);BARROSO;60863770;4;5;1625
95;13897;FORTALEZA;1309;EM PROFESSORA OLINDINA CARVALHO DE MORAIS;RUA 5, 581 (CJ JOÃO PAULO II);BARROSO;60863800;4;5;1616
95;13897;FORTALEZA;1317;EM JOSE MOREIRA LEITAO;RUA HONORINO MAIA, 467;PARQUE SANTA MARIA;60873000;7;7;2559
95;13897;FORTALEZA;1325;EM PROFESSORA MARIA ANTONÉZIA MEIRELES E SÁ;RUA CORONEL VIRGÍLIO TÁVORA, 1340;BARROSO;60862715;5;6;1991
95;13897;FORTALEZA;1333;EM MARTHA DOS MARTINS COELHO GUILHERME;RUA 313, 243 CJ SÃO CRISTOVÃO;JANGURUSSU;60866370;9;9;3369
95;13897;FORTALEZA;1023;EEFM DOUTORA ALDACI BARBOSA;RUA VALPARAISO, 155;CONJUNTO PALMEIRAS;60870440;15;15;6028
112;13897;FORTALEZA;1600;EEFM WALTER DE SA CAVALCANTE;AVENIDA OLIVEIRA PAIVA, 550;CIDADE DOS FUNCIONÁRIOS;60822130;15;15;5090
112;13897;FORTALEZA;1023;COLÉGIO NOVO HORIZONTE;RUA BEIJA FLOR, 25;JARDIM DAS OLIVEIRAS;60820110;7;7;2740
112;13897;FORTALEZA;1040;EM MARIA DE LOURDES RIBEIRO JEREISSATI;RUA REINO UNIDO, 115;JARDIM DAS OLIVEIRAS;60820140;12;12;4394
112;13897;FORTALEZA;1058;COLÉGIO ÁGAPE;AV HERMINIO DE CASTRO, 140;PARQUE MANIBURA;60821825;10;10;3711
112;13897;FORTALEZA;1074;COLÉGIO DÁULIA BRINGEL;RUA TRAJANO ALVES DE AGUIAR, 55;CIDADE DOS FUNCIONÁRIOS;60822060;8;8;2887
112;13897;FORTALEZA;1082;COLÉGIO IRMÃ MARIA MONTENEGRO WS;RUA CAETANO XIMENES ARAGÃO, 110;EDSON QUEIROZ;60813620;9;9;3316
112;13897;FORTALEZA;1104;CEI MARIA DE LOURDES R JEREISSATI;RUA REINO UNIDO, 930;JARDIM DAS OLIVEIRAS;60820015;6;6;2351
112;13897;FORTALEZA;1155;EEEP JAIME ALENCAR DE OLIVEIRA - LICEU;AV ROGACIANO LEITE, 2285;JARDIM DAS OLIVEIRAS;60821060;8;8;3004
112;13897;FORTALEZA;1180;EM ISMAEL PORDEUS;RUA DES FAUSTINO ALBUQUERQUE, 511;JARDIM DAS OLIVEIRAS;60821440;11;11;4346
112;13897;FORTALEZA;1210;EEFM JOHNSON;RUA GONFRAN GIFFONI, S/N;ENGENHEIRO LUCIANO CAVALCANTE;60810420;10;10;3864
112;13897;FORTALEZA;1236;EEFM D. LUIZA TÁVORA - PRÓ MORAR;RUA FREI CANECA, 379;JARDIM DAS OLIVEIRAS;60820000;9;9;3231
112;13897;FORTALEZA;1260;APAE - CENTRO DE ATENDIMENTO EDUC ESPEC MA REGINA PIO DE ALMEIDA;RUA ROGACIANO LEITE, 2001;ENGENHEIRO LUCIANO CAVALCANTE;60810475;8;8;2964
112;13897;FORTALEZA;1309;COLÉGIO TIRADENTES;AV OLIVEIRA PAIVA, 223;CIDADE DOS FUNCIONÁRIOS;60822131;6;6;2043
112;13897;FORTALEZA;1333;IGREJA DA GLÓRIA;AV OLIVEIRA PAIVA, 905;CIDADE DOS FUNCIONÁRIOS;60822130;5;5;1911
112;13897;FORTALEZA;1465;EEMTI MIRIAN PORTO MOTA;RUA DAS CASTANHOLAS, S/N;JARDIM DAS OLIVEIRAS;60820470;8;8;3148
112;13897;FORTALEZA;1520;EM PROF. LUIS COSTA;RUA JAIME LEONEL, 156;ENGENHEIRO LUCIANO CAVALCANTE;60810480;5;5;1827
112;13897;FORTALEZA;1546;COLEGIO GLOBO MAX;RUA GENERAL CAIADO DE CASTRO, 156;ENGENHEIRO LUCIANO CAVALCANTE;60821560;6;6;2202
112;13897;FORTALEZA;1597;CENTRO UNIVERSITARIO ESTACIO DO CEARA VIA CORPVS;RUA ELISEU UCHOA BECCO, 600;EDSON QUEIROZ;60810270;5;5;1811
112;13897;FORTALEZA;1619;EEFM DOM ANTONIO DE ALMEIDA LUSTOSA;RUA ADOLFO MOREIRA DE CARVALHO, S/N;EDSON QUEIROZ;60811740;9;9;3216
112;13897;FORTALEZA;1627;EEMTI PROFESSORA TECLA FERREIRA;RUA FRANCISCA BEZERRA, 417;SAPIRANGA;60832560;9;9;3418
112;13897;FORTALEZA;1635;COLEGIO ARI DE SA CAVALCANTE (EDSON QUEIROZ);AV WASHINGTON SOARES, 3737;EDSON QUEIROZ;60811341;38;38;15028
112;13897;FORTALEZA;1643;UNIVERSIDADE DE FORTALEZA - UNIFOR;AVENIDA WASHINGTON SOARES, 1321;EDSON QUEIROZ;60811905;30;30;11766
112;13897;FORTALEZA;1651;EM IRMA SIMAS;RUA JOSE SOBREIRA, 608;SAPIRANGA;60833055;10;10;3689
112;13897;FORTALEZA;1660;EM PROFª ALDACI BARBOSA;RUA OLEGARIO MEMORIA, 1257;SAPIRANGA;60833045;12;12;4418
112;13897;FORTALEZA;1678;COLEGIO MASTER SUL;RUA BENJAMIM MOURA, 631;CIDADE DOS FUNCIONÁRIOS;60822480;7;7;2857
112;13897;FORTALEZA;1686;EM PROF MONTEIRO DE MORAES;AVENIDA EVILASIO ALMEIDA MIRANDA, 1608;SAPIRANGA;60834486;4;4;1368
112;13897;FORTALEZA;1694;EM PROF FRANCISCO MAURICIO MATOS DOURADO;RUA  DES FLORIANO BENEVIDES MAGALHÃES, 391;EDSON QUEIROZ;60811690;7;7;2345
113;13897;FORTALEZA;1520;SECRETARIA EXECUTIVA REGIONAL III - FORTALEZA;AV JOVITA FEITOSA 1264;PARQUELÂNDIA;60455410;4;4;1521
113;13897;FORTALEZA;1538;COLÉGIO AGNUS;RUA TEODORICO BARROSO, 827;MONTESE;60420120;7;7;2759
113;13897;FORTALEZA;1546;COLÉGIO ESTADUAL PRESIDENTE HUMBERTO CASTELO BRANCO;RUA IRMA BAZET, 210;MONTESE;60420670;16;16;5703
113;13897;FORTALEZA;1554;COLÉGIO NOSSA SENHORA APARECIDA;RUA AQUILES BORIS, 342;MONTESE;60420310;7;7;2259
113;13897;FORTALEZA;1562;CRECHE ESPACO E VIDA;RUA PEDRO DE QUEIROZ, 532;PARQUELÂNDIA;60450220;2;2;648
113;13897;FORTALEZA;1570;ASSOCIAÇÃO DE PAIS E AMIGOS DO DEFICIENTE AUDITIVO - APADA;AV. BEZERRA DE MENEZES, 549;SÃO GERARDO;60325003;4;4;1246
113;13897;FORTALEZA;1589;COLÉGIO MENINO JESUS;RUA EUSÉBIO DE QUEIROS, 912;ITAOCA;60421102;1;1;93
113;13897;FORTALEZA;1597;IMPARH;AV JOAO PESSOA, 5.609;MONTESE;60425682;9;9;3276
113;13897;FORTALEZA;1619;COLEGIO CWD-MAXIMUS;RUA DOM LINO, 301;PARQUELÂNDIA;60450280;9;9;3526
113;13897;FORTALEZA;1627;COLÉGIO ART E MANHA;RUA SÃO MATEUS, 1020;VILA UNIÃO;60410642;7;7;2360
113;13897;FORTALEZA;1635;EEFM MARECHAL HUMBERTO DE ALENCAR C. BRANCO;RUA ALVARO FERNANDES, 913;MONTESE;60420570;10;10;3111
113;13897;FORTALEZA;1643;ESCOLA MUNICIPAL VICENTE FIALHO;RUA IRMA BAZET, 193;MONTESE;60420670;4;12;1307
113;13897;FORTALEZA;1600;CENTRO EDUCACIONAL SÃO JOSÉ;RUA BOA NOITE, 149;MONTESE;60421570;2;2;788
113;13897;FORTALEZA;1015;FACULDADE DE ARQUITETURA E URBANISMO DA UFC;AV. DA UNIVERSIDADE, 2890;BENFICA;60020181;4;8;1538
113;13897;FORTALEZA;1031;IFCE - INST FEDERAL DE CIÊNCIA E TECNOLOGIA (CEFET);AV. 13 DE MAIO, 2081;BENFICA;60040531;14;14;4806
113;13897;FORTALEZA;1040;COLÉGIO FARIAS BRITO PRÉ - VESTIBULAR;AV. BARÃO DO RIO BRANCO, 2424;JOSÉ BONIFÁCIO;60025062;10;19;3631
113;13897;FORTALEZA;1058;COLÉGIO FARIAS BRITO;RUA SENADOR POMPEU, 2607;JOSÉ BONIFÁCIO;60025002;11;11;4177
113;13897;FORTALEZA;1074;COLÉGIO JUVENAL DE CARVALHO;AV. JOÃO PESSOA, 4279;DAMAS;60425680;12;12;4213
113;13897;FORTALEZA;1090;ESCOLA MUNICIPAL PROF. FILGUEIRAS LIMA;AV. DOS EXPEDICIONÁRIOS, 3910;JARDIM AMÉRICA;60410410;11;11;3373
113;13897;FORTALEZA;1120;COLÉGIO CHRISTUS BENFICA;RUA LUIS DE MIRANDA, 536;BENFICA;60015330;10;10;3464
113;13897;FORTALEZA;1139;EEFM FREI LAURO SCHWARTE;RUA ANTÔNIO POMPEU, 2005;CENTRO;60040001;10;10;2399
113;13897;FORTALEZA;1147;EEFM FIGUEIREDO CORREIA;RUA MARECHAL DEODORO, 733;BENFICA;60020060;5;5;1504
113;13897;FORTALEZA;1155;EMEIF DOM MANUEL DA SILVA GOMES;RUA SAMUEL UCHÔA, 550;BOM FUTURO;60416170;6;6;1801
113;13897;FORTALEZA;1163;EEFM ESTADO DO PARANÁ;RUA ALBERTO MAGNO, 123;JARDIM AMÉRICA;60425000;6;6;2101
113;13897;FORTALEZA;1171;ESC. EST. DE EDUC. PROFISSIONAL PAULO VI;RUA JORGE DUMMAR, 1841;JARDIM AMÉRICA;60410300;10;10;3457
113;13897;FORTALEZA;1180;ESC. MEDALHA MILAGROSA DA CASA DE NAZARÉ;RUA PADRE JOÃO PIAMARTA,  415;BOM FUTURO;60410140;15;15;5206
113;13897;FORTALEZA;1198;EMEIF MOZART PINTO;RUA JORGE DUMMAR, 2078;JARDIM AMÉRICA;60410300;5;5;1708
113;13897;FORTALEZA;1201;ESC. PROFISSIONAL PE. JOÃO PIAMARTA;RUA PADRE JOÃO PIAMARTA, 161;BOM FUTURO;60410140;7;7;2257
113;13897;FORTALEZA;1210;FEAACS - UFC;AV. DA UNIVERSIDADE, 2431;BENFICA;60020180;7;7;1619
113;13897;FORTALEZA;1228;COLÉGIO SÃO MATEUS;RUA JUSTINIANO DE SERPA, 748;FARIAS BRITO;60011110;4;4;1387
113;13897;FORTALEZA;1244;CETREDE - CENTRO DE TREINAMENTO E DESENVOLVIMENTO;AV. DA UNIVERSIDADE, 2932;BENFICA;60020181;5;5;1444
113;13897;FORTALEZA;1260;CREAS RODOLFO TEÓFILO;RUA DOM LINO, 1001;AMADEU FURTADO;60450280;1;2;379
113;13897;FORTALEZA;1279;COLÉGIO CHRISTUS PRÉ - UNIVERSITÁRIO;RUA CRUZ SALDANHA, 614;PARQUELÂNDIA;60450340;9;9;3173
113;13897;FORTALEZA;1295;COLÉGIO DEOCLÉCIO FERRO;RUA MINERVINO DE CASTRO, 987;RODOLFO TEÓFILO;60430620;10;10;3944
113;13897;FORTALEZA;1309;COLÉGIO MANUELITO AZEVEDO;RUA TIRADENTES, 483;RODOLFO TEÓFILO;60430560;12;12;3350
113;13897;FORTALEZA;1317;EMEIF COMUNITÁRIA SÃO RAIMUNDO;RUA ALEXANDRE BARAÚNA, 1450;RODOLFO TEÓFILO;60430160;5;5;1473
113;13897;FORTALEZA;1325;EEFM ANTONIO SALES - PARQUELÂNDIA;RUA PROF. ANACLETO, 630;PARQUELÂNDIA;60450360;9;9;2878
113;13897;FORTALEZA;1333;EEFM FÉLIX DE AZEVEDO;RUA MONSENHOR FURTADO, 757;RODOLFO TEÓFILO;60430350;7;7;2096
113;13897;FORTALEZA;1341;EEFM SANTO AFONSO;RUA GAL. BERNARDO FIGUEIREDO, 2670;PARQUELÂNDIA;60455440;10;10;3332
113;13897;FORTALEZA;1350;EEF MONSENHOR LINHARES;RUA PROF. LINO ENCARNAÇÃO, 1130;AMADEU FURTADO;60450230;10;10;3017
113;13897;FORTALEZA;1368;ESC. MUNICIPAL ANTONIO SALES RODOLFO TEÓFILO;RUA TAVARES IRACEMA, 675;RODOLFO TEÓFILO;60430070;7;7;2150
113;13897;FORTALEZA;1376;FACULDADE DE ENFERMAGEM DA UFC;RUA ALEXANDRE BARAÚNA, 1115;RODOLFO TEÓFILO;60430170;5;5;1473
113;13897;FORTALEZA;1414;EEFM DR.CÉSAR CALS;AV. DOMINGOS OLIMPIO, 1800;FARIAS BRITO;60040081;6;6;1915
113;13897;FORTALEZA;1449;COLÉGIO GUSTAVO BRAGA;AV. JOÃO PESSOA, 4650/80;DAMAS;60435681;3;3;1148
113;13897;FORTALEZA;1465;COLÉGIO LOURENÇO FILHO;RUA BARÃO DO RIO BRANCO, 2101;CENTRO;60025062;7;7;1973
113;13897;FORTALEZA;1473;ESCOLA PROF. PE. JOÃO PIAMARTA (ANEXO JÚNIOR);RUA PE. JOÃO PIAMARTA, 161;BOM FUTURO;60410315;5;6;1758
113;13897;FORTALEZA;1481;ESCOLA ESTADUAL DE EDUCAÇÃO PROFISSIONAL  PRESIDENTE ROOSEVELT;AV BEZERRA DE MENEZES 435;FARIAS BRITO;60325004;11;11;3862
113;13897;FORTALEZA;1490;INSTITUTO EDUCACIONAL TOPO GIGIO;RUA PROFESSOR LINO DA ENCARNACAO, 490;PARQUELÂNDIA;60450230;2;2;656
113;13897;FORTALEZA;1511;ESCOLA ESTADUAL DE EDUCAÇÃO PROFISSIONAL  JOAQUIM NOGUEIRA;RUA MOREIRA DE SOUSA, 327;PARQUELÂNDIA;60450080;8;8;3003
114;13897;FORTALEZA;1600;CENTRO EDUCACIONAL PEQUENO BRASIL;RUA JANDIRA, 740;BARRA DO CEARÁ;60330460;1;1;396
114;13897;FORTALEZA;1015;COLÉGIO MANUEL DA SILVA (BAIRRO ÁLVARO WEYNE);RUA SÃO BERNARDO 181;ÁLVARO WEYNE;60336250;13;13;4802
114;13897;FORTALEZA;1023;(CEI)  CENTRO DE EDUCAÇÃO INFANTIL RAIMUNDO DE SOUSA MANGUEIRA;RUA ALBERTO FERREIRA 564;JARDIM IRACEMA;60341140;14;14;5359
114;13897;FORTALEZA;1031;SENAI -CENTRO DE FORMACAO PROFISSIONAL;AVENIDA FRANCISCO SÁ 7221;BARRA DO CEARÁ;60330875;7;7;2660
114;13897;FORTALEZA;1082;CIES CASEMIRO JOSE LIMA FILHO;AVENIDA FRANCISCO SÁ 6449;BARRA DO CEARÁ;60310003;9;9;3296
114;13897;FORTALEZA;1090;CMES FRANCISCO DOMINGOS DA SILVA;AVENIDA PRESIDENTE CASTELO BRANCO 4707;BARRA DO CEARÁ;60312060;10;10;3759
114;13897;FORTALEZA;1120;COLEGIO FARIA LIMA;RUA VIRGÍLIO BRIGIDO 790;PRESIDENTE KENNEDY;60355050;9;9;3529
114;13897;FORTALEZA;1139;COLEGIO INACIO COSTA;QUADRA L 303 CONJUNTO CASTELO BRANCO;PRESIDENTE KENNEDY;60357320;2;2;774
114;13897;FORTALEZA;1155;EM FRANCISCO DAS CHAGAS FARIAS;RUA DESEMBARGADOR HERMES PARAHYBA 135;BARRA DO CEARÁ;60330142;11;11;3789
114;13897;FORTALEZA;1163;EM RAIMUNDO DE SOUSA MANGUEIRA;RUA ALBERTO FERREIRA 624;JARDIM IRACEMA;60341140;7;7;2497
114;13897;FORTALEZA;1171;COLEGIO SANTA ISABEL;AVENIDA BEZERRA DE MENEZES 2840;PRESIDENTE KENNEDY;60325002;6;6;2384
114;13897;FORTALEZA;1201;ESCOLA DE TEMPO INTEGRAL N SRA FATIMA - ANTIGA APOSTÓLICA/SEMINÁRIO;RUA SÍLVIO ROMERO 370;ÁLVARO WEYNE;60336100;10;10;3942
114;13897;FORTALEZA;1228;ESCOLA DE 1º GRAU JOSÉ DE ALENCAR;RUA ALBERTO FERREIRA 248;JARDIM IRACEMA;60341140;8;8;3158
114;13897;FORTALEZA;1236;EEFM BALBINA JUCA ALBUQUERQUE;AVENIDA MAJOR ASSIS 346;JARDIM IRACEMA;60345150;9;9;3400
114;13897;FORTALEZA;1252;EEFM FERNANDO CAVALCANTE MOTA;RUA DA SALEMA 85;BARRA DO CEARÁ;60334410;5;5;2016
114;13897;FORTALEZA;1279;CONSELHO COMUNITÁRIO SÃO JOSÉ DO REINO;RUA FERREIRA DOS SANTOS 197;ÁLVARO WEYNE;60335560;3;3;1009
114;13897;FORTALEZA;1287;EEFM SÃO JOSÉ DOS ARPOADORES;RUA FRANCISCO CALAÇA 90;CRISTO REDENTOR;60334110;8;8;2779
114;13897;FORTALEZA;1295;EEFM VALDEMAR FALCÃO;VILA VALDEMAR FALCÃO 19;ÁLVARO WEYNE;60336000;4;4;1569
114;13897;FORTALEZA;1309;EMEIF ROTARIANO JADER DE FIGUEIREDO CORREIA;RUA TOCANDIRA 61;BARRA DO CEARÁ;60330155;6;6;1968
114;13897;FORTALEZA;1325;EM DESEMBARGADOR GABRIEL CAVALCANTE;QUADRA F 167 CONJUNTO CASTELO BRANCO;PRESIDENTE KENNEDY;60357250;6;6;2325
114;13897;FORTALEZA;1333;EM DOM HELDER CAMARA;RUA FREI ODILON 623 B;ÁLVARO WEYNE;60336190;5;5;1952
114;13897;FORTALEZA;1341;EM FRANCISCO SILVA CAVALCANTE;RUA CONSELHEIRO LAFAYETTE 205;FLORESTA;60340192;9;9;3533
114;13897;FORTALEZA;1350;EM MARIA ROSELI LIMA MESQUITA;RUA FRANCISCO CALAÇA 1791;ÁLVARO WEYNE;60336045;8;8;2976
114;13897;FORTALEZA;1368;ESCOLA SÃO JOSÉ;AVENIDA DOUTOR THEBERGE 2288;PRESIDENTE KENNEDY;60355000;8;8;2819
114;13897;FORTALEZA;1384;ESCOLINHA MUNDO INFANTIL;AVENIDA SARGENTO HERMÍNIO SAMPAIO 3787;PRESIDENTE KENNEDY;60355503;4;4;1617
114;13897;FORTALEZA;1392;INST EDUC PRESIDENTE MEDICI;RUA CÉSAR CORREIA 973;FLORESTA;60336244;7;7;2591
114;13897;FORTALEZA;1406;EMEIF ANTONIO BATISTA DE FRAGOSO;AVENIDA FRANCISCO SÁ 7945;BARRA DO CEARÁ;60330875;6;6;2004
114;13897;FORTALEZA;1414;CAPELA NOSSA SENHORA DE FÁTIMA;RUA RIO ARAGUAIA 1669;JARDIM IRACEMA;60340000;3;3;1223
114;13897;FORTALEZA;1422;SESI - SERVICO SOCIAL DA INDUSTRIA;AVENIDA FRANCISCO SÁ 6623;BARRA DO CEARÁ;60310003;15;15;5906
114;13897;FORTALEZA;1430;CRAS-CT DE REFERÊNC DE ASSIST SOCIAL DO PRES. KENNEDY (SALÃO DO IDOSO);QUADRA F S/N CONJUNTO CASTELO BRANCO;PRESIDENTE KENNEDY;60357250;3;3;1161
114;13897;FORTALEZA;1449;CT PROFISSIONALIZAÇÃO  INCLUS.P/ PESSOAS C/ DEFICIÊNCIA- ANTIGO ABC;RUA SENADOR ROBERT KENNEDY, 128;BARRA DO CEARÁ;60332170;3;3;1236
114;13897;FORTALEZA;1457;EMEIF  RAQUEL DE QUEIROZ;AVENIDA PRESIDENTE CASTELO BRANCO 5010;BARRA DO CEARÁ;60010000;3;3;1185
114;13897;FORTALEZA;1465;EMEIF MARIA DALVA SEVERINO MARREIRO;RUA RIO PARAGUAI 782;JARDIM IRACEMA;60341270;5;5;1976
114;13897;FORTALEZA;1473;EMEIF ALDEMIR MARTINS;AV. FRANCISCO SÁ, 7460;BARRA DO CEARÁ;60330875;5;5;1638
114;13897;FORTALEZA;1481;ESCOLA ESTADUAL DE EDUCAÇÃO PROFISSIONAL PAULO PETROLA;RUA SAUDÁRIA, S/N;BARRA DO CEARÁ;60330320;9;9;3588
114;13897;FORTALEZA;1490;EM AGOSTINHO MOREIRA E SILVA;RUA PERI, 20;BARRA DO CEARÁ;60331270;15;15;5457
114;13897;FORTALEZA;1511;EMEIF JOAQUIM FRANCISCO DE SOUSA FILHO;RUA JOAQUIM MARQUES, S/N;PRESIDENTE KENNEDY;60356030;4;5;1589
114;13897;FORTALEZA;1520;CENTRO EDUCACIONAL IDEAL;RUA FRANCISCO CALAÇA, 602;CRISTO REDENTOR;60334110;3;3;1014
114;13897;FORTALEZA;1554;EMEIF DOIS DE DEZEMBRO;RUA ARAKEN, 860;BARRA DO CEARÁ;60331120;6;6;2157
114;13897;FORTALEZA;1570;INSTITUTO EDUCACIONAL HUMANISTA;RUA CAUBI, 478;BARRA DO CEARÁ;60331100;2;2;608
114;13897;FORTALEZA;1589;CENTRO EDUCACIONAL ALFA;RUA CHICO XAVIER, 181;BARRA DO CEARÁ;60332320;2;2;695
114;13897;FORTALEZA;1597;ABECRESS - ASS.BENEF.CULT.RECR.SUBT.SARG.PM BM CE(CLUBE DOS SARGENTOS);AVENIDA FRANCISCO SÁ, 7880;BARRA DO CEARÁ;60330878;3;3;977
114;13897;FORTALEZA;1619;ESCOLA MUNICIPAL 11 DE AGOSTO (ANT. ANDRADE E SILVA);RUA ALBERTO FERREIRA, 1790;JARDIM IRACEMA;60341140;3;3;947
115;13897;FORTALEZA;1147;DETRAN;AV GODOFREDO MACIEL, 2900;MARAPONGA;60710684;7;7;2811
115;13897;FORTALEZA;1155;COLÉGIO RAIO DE LUZ;RUA ARARIBÓIA, 192;PARANGABA;60710140;5;6;2005
115;13897;FORTALEZA;1180;EEFM JOAO MATTOS;RUA ALMIRANTE RUBIM, 1014;MONTESE;60425480;12;12;4152
115;13897;FORTALEZA;1201;EEFM MARIA TOMASIA;RUA POLONIA, 369;PARANGABA;60710500;10;10;3703
115;13897;FORTALEZA;1244;ESCOLA MUNICIPAL WALDEMAR BARROSO;RUA CÔNEGO LIMA SUCUPIRA,  1651;SERRINHA;60740350;10;10;3906
115;13897;FORTALEZA;1287;UAPS DR. OCELO PINHEIRO;RUA ELCIAS LOPES, 517;PARANGABA;60421100;2;2;614
115;13897;FORTALEZA;1295;PROJETO ABC DA SERRINHA;RUA CONEGO LIMA SUCUPIRA, 1.487;SERRINHA;60740350;5;5;1660
115;13897;FORTALEZA;1309;ESCOLA MUNICIPAL PROFESSOR JOSE VALDIVINO DE CARVALHO;RUA GUARA, S/N;PARANGABA;60740140;12;12;3326
115;13897;FORTALEZA;1325;LAR FABIANO DE CRISTO;RUA CEL. JAIME ROLEMBERG, 100;MONDUBIM;60711510;3;4;791
115;13897;FORTALEZA;1333;COLEGIO PROVECTO;RUA SUIÇA, 76;MARAPONGA;60711035;10;10;3623
115;13897;FORTALEZA;1341;ESCOLA MUNICIPAL JOÃO ESTANISLAU FAÇANHA;RUA ONZE, S/N - CONJUNTO CAMPO DOS INGLESES;MONDUBIM;60712300;7;7;2714
115;13897;FORTALEZA;1384;ESCOLA MUNICIPAL CAROLINO SUCUPIRA;RUA MUNDICA PAULA, 670;PARANGABA;60421410;11;12;3734
115;13897;FORTALEZA;1406;DER;AV. GODOFREDO MACIEL, 3000;MARAPONGA;60710684;5;5;2007
115;13897;FORTALEZA;1449;COLÉGIO LOURENÇO FILHO - PARANGABA;RUA CÔNEGO DE CASTRO 700;PARANGABA;60720096;4;4;1608
115;13897;FORTALEZA;1457;SERVICO SOCIAL DA INDUSTRIA -  SESI;AVENIDA JOÃO PESSOA, 6754;PARANGABA;60721340;23;23;6988
115;13897;FORTALEZA;1465;EEEP JOAQUIM MOREIRA DE SOUSA;RUA CAIO PRADO 02;PARANGABA;60720040;7;20;2349
115;13897;FORTALEZA;1481;ESCOLA MUNICIPAL CATULO DA PAIXAO CEARENSE;RUA LEAO DO NORTE 300;VILA PERI;60730010;8;8;2795
115;13897;FORTALEZA;1503;COLEGIO JIM WILSON;AV. AUGUSTO DOS ANJOS, 1915;VILA PERI;60730125;12;12;4327
115;13897;FORTALEZA;1511;ESCOLA MUNICIPAL CLÁUDIO MARTINS;AVENIDA JOÃO PESSOA, 6601;PARANGABA;60425685;3;3;805
115;13897;FORTALEZA;1520;ESCOLA DE ENSINO FUNDAMENTAL E MEDIO PROF MARIO SCHENBERG;RUA AMERICO ROCHA LIMA 835;MANUEL SÁTIRO;60713240;10;10;3441
115;13897;FORTALEZA;1538;COLEGIO GURI  SENIOR;RUA CONEGO DE CASTRO 1780;PARANGABA;60730062;7;7;2481
115;13897;FORTALEZA;1546;CEJA - PROFº MOREIRA CAMPOS;RUA JULIO BRAGA, 101 B;PARANGABA;60720640;5;5;1918
115;13897;FORTALEZA;1554;CENTRO DE EDUCAÇÃO PEDAGÓGICO EÇA DE QUEIROZ;RUA DOM XISTO ALBANO 611;VILA PERI;60730310;12;12;4706
115;13897;FORTALEZA;1562;ESCOLA MUNICIPAL RAIMUNDO SOARES DE SOUSA;RUA COSTA FREIRE 550;VILA PERI;60730135;8;8;3097
115;13897;FORTALEZA;1570;ESCOLA MUNICIPAL MARIA VIVIANE BENEVIDES GOUVEIA;RUA CREUZA ROQUE 247;MANUEL SÁTIRO;60713330;10;10;3687
115;13897;FORTALEZA;1589;ESCOLA MUNICIPAL HENRIQUETA GALENO;RUA MAJOR MONTENEGRO 917;MANUEL SÁTIRO;60713520;15;15;5962
115;13897;FORTALEZA;1619;ESCOLA MUNICIPAL NOELZINDA SATIRO SANTIAGO;RUA DOM XISTO ALBANO, 1298;VILA PERI;60730165;2;2;705
115;13897;FORTALEZA;1600;ESCOLA DE ENSINO FUNDAMENTAL E MEDIO PROF. HERMENEGILDO FIRMEZA;RUA GABRIEL FIUZA 360;VILA PERI;60730110;12;12;4158
115;13897;FORTALEZA;1015;ESCOLA MUNICIPAL PROJETO NASCENTE;RUA CAMPO MAIOR, S/N;ITAPERI;60742410;4;4;1427
115;13897;FORTALEZA;1040;EEM  PROFESSORA DIVA CABRAL;RUA HOLANDA, 701;MARAPONGA;60711000;6;7;2232
115;13897;FORTALEZA;1058;ESCOLA MARISTA SAGRADO CORAÇÃO;RUA VIDAL DE NEGREIROS, 550;JARDIM CEARENSE;60711440;6;6;2429
115;13897;FORTALEZA;1066;ESCOLA MUNICIPAL THOMAZ POMPEU SOBRINHO;RUA JOSE MENELEU, 531;PARANGABA;60710300;9;9;3264
115;13897;FORTALEZA;1074;UNIVERSIDADE ESTADUAL DO CEARA - UECE;AV DR. SILAS MUNGUBA, 1700;ITAPERI;60740000;30;30;11149
115;13897;FORTALEZA;1112;COLEGIO DUQUE DE CAXIAS;RUA  PERU, 1675;SERRINHA;60740510;10;10;3684
115;13897;FORTALEZA;1120;COLEGIO ATENEU;RUA DOM CARLOTO TAVORA, 701;PARANGABA;60421070;11;11;3729
115;13897;FORTALEZA;1139;COLEGIO NOSSA SENHORA DO CARMO;RUA ELVIRA PINHO, 400;MONTESE;60421000;11;11;4014
116;13897;FORTALEZA;1716;EEF SAO JOSE DO PICI DAS PEDREIRAS;RUA MANUEL ANTONIO LEITE 250;BONSUCESSO;60545300;5;5;1657
116;13897;FORTALEZA;1724;EM JOSE ALCIDES PINTO;RUA GUARANI 2000;BONSUCESSO;60520494;12;12;4346
116;13897;FORTALEZA;1732;EM XV DE OUTUBRO;RUA GUARANI 2030;BONSUCESSO;60520494;14;14;5267
116;13897;FORTALEZA;1740;EM ANTONIO DIOGO DE SIQUEIRA;RUA ANSELMO NOGUEIRA 655;BONSUCESSO;60545360;8;8;2826
116;13897;FORTALEZA;1759;COLEGIO LIMA NOGUEIRA;RUA JULIO BRAGA, 1117;JOÃO XXIII;60520130;7;8;2768
116;13897;FORTALEZA;1600;CAPS-AD - CENTRO DE ATENCAO PSICOSSOCIAL ALCOOL E DROGAS;RUA ANTONIO NERY 1058;GRANJA PORTUGAL;60545232;5;5;1343
116;13897;FORTALEZA;1015;CAIC - MARIA ALVES CARIOCA;RUA GUARAREMA 690;GRANJA LISBOA;60540491;12;12;4438
116;13897;FORTALEZA;1031;CEI REITOR ANTONIO MARTINS FILHO - UNIDADE 2;RUA HUMBERTO LOMEU 1220;GRANJA PORTUGAL;60541112;3;4;1205
116;13897;FORTALEZA;1040;EM IRMA ROCHA;RUA EMILIO DE MENEZES 2515;GRANJA PORTUGAL;60541424;4;4;1310
116;13897;FORTALEZA;1058;CENTRO EDUCACIONAL CARVALHO BARBOSA;AV OSCAR ARARIPE 544;BOM JARDIM;60543452;8;8;3146
116;13897;FORTALEZA;1066;EM DOM LUSTOSA;RUA GERALDO BARBOSA 3901;GRANJA LISBOA;60540344;8;8;2826
116;13897;FORTALEZA;1074;EM SERVULO MENDES BARROSO;RUA JOSE MARTINS 2239;GRANJA LISBOA;60540545;3;3;993
116;13897;FORTALEZA;1104;EM SANTOS DUMONT;RUA GERALDO BARBOSA 240;BOM JARDIM;60543335;15;15;4496
116;13897;FORTALEZA;1120;EM CONCEICAO MOURAO;RUA DUAS NACOES 550;GRANJA PORTUGAL;60545241;17;17;6668
116;13897;FORTALEZA;1139;EM CREUSA DO CARMO ROCHA;RUA DUAS NACOES 1055;GRANJA PORTUGAL;60545242;11;11;4104
116;13897;FORTALEZA;1155;EM JOSE CARLOS MATOS;RUA ITAJAI 802;GRANJA PORTUGAL;60545290;2;2;612
116;13897;FORTALEZA;1180;EEFM PROF JOCIE CAMINHA DE MENEZES;RUA ITU 120;GRANJA PORTUGAL;60545275;10;10;3919
116;13897;FORTALEZA;1210;EEFM SAO FRANCISCO DE ASSIS - GRANJA PORTUGAL;RUA NEREIDE 320;GRANJA PORTUGAL;60540685;5;6;2022
116;13897;FORTALEZA;1236;EM SEBASTIAO DE ABREU;RUA GERALDO BARBOSA 1065;BOM JARDIM;60543332;12;12;4708
116;13897;FORTALEZA;1287;EM EDUCADOR PAULO FREIRE;RUA CORONEL FABRICIANO 452;GRANJA PORTUGAL;60540835;5;5;1752
116;13897;FORTALEZA;1295;EM MANOEL MALVEIRA MAIA;RUA MANUEL GALDINO 2890;BOM JARDIM;60540122;4;4;1234
116;13897;FORTALEZA;1309;EM PROF LIREDA FACO;RUA TRES CORACOES 735;GRANJA LISBOA;60540441;15;15;5915
116;13897;FORTALEZA;1317;EM RACHEL VIANA MARTINS;RUA TUCUNDUBA 2703;GRANJA LISBOA;60540121;6;6;2139
116;13897;FORTALEZA;1325;EM SANTA ISABEL;RUA RAIMUNDO PINHEIRO 798;BOM JARDIM;60545035;7;7;2748
116;13897;FORTALEZA;1333;EM ULYSSES GUIMARAES;RUA TENENTE FRANCISCO PAIVA 1350;GRANJA LISBOA;60540478;7;7;2770
116;13897;FORTALEZA;1341;POSTO DE SAUDE DR JURANDIR PICANCO;RUA DUAS NACOES 605;GRANJA PORTUGAL;60545241;5;5;1979
116;13897;FORTALEZA;1350;PROJETO ABC BOM JARDIM;RUA TRES CORACOES 762;GRANJA LISBOA;60540441;4;4;1509
116;13897;FORTALEZA;1481;EM REITOR ANTONIO MARTINS FILHO;RUA TEODORO DE CASTRO 1175;GRANJA PORTUGAL;60541192;3;3;1109
116;13897;FORTALEZA;1490;EM JOAO MENDES DE ANDRADE;RUA B, 1366;BOM JARDIM;60540662;5;5;1827
116;13897;FORTALEZA;1546;CENTRO CULTURAL BOM JARDIM;RUA TRES CORACOES 400;GRANJA LISBOA;60540441;3;3;1147
116;13897;FORTALEZA;1554;CRAS GRANJA PORTUGAL;RUA HUMBERTO LOMEU 1130;GRANJA PORTUGAL;60541112;2;2;712
116;13897;FORTALEZA;1562;PROJETO CASA BRASIL - CENTRO DE QUALIFICACAO PROFISSIONAL;RUA HUMBERTO LOMEU 1090;GRANJA PORTUGAL;60541112;4;5;1245
116;13897;FORTALEZA;1570;EEEP ICARO DE SOUSA MOREIRA - LICEU DO BOM JARDIM;RUA JOSE MARTINS, 2246;GRANJA LISBOA;60540545;7;7;2746
116;13897;FORTALEZA;1597;EM PROF ANTONIA MARIA DE LIMA;RUA SARGENTO JOAO PINHEIRO 2601;GRANJA LISBOA;60540513;7;7;2459
116;13897;FORTALEZA;1619;CENTRO EDUCACIONAL HORA DE APRENDER;RUA VITAL BRASIL 2533;GRANJA PORTUGAL;60541495;5;5;1667
116;13897;FORTALEZA;1627;COLEGIO MARQUES LIMA;RUA EMILIO DE MENEZES 1552;GRANJA PORTUGAL;60541425;1;1;334
116;13897;FORTALEZA;1635;EM FRANCISCO EDMILSON PINHEIRO;AVENIDA H, 2115, 4A ETAPA;CONJUNTO CEARÁ I;60533667;4;4;1448
116;13897;FORTALEZA;1651;EM FRANCISCA FERNANDES MAGALHAES;RUA TAQUARI 1015;BONSUCESSO;60541706;11;11;4324
116;13897;FORTALEZA;1660;EM PROF LUIS RECAMONDE CAPELO;RUA MARIA QUINTELA 901;BONSUCESSO;60520790;5;5;1770
116;13897;FORTALEZA;1686;EM JOAO PAULO I;RUA LUIZ DE CASTRO 254;BONSUCESSO;60520485;9;9;3286
116;13897;FORTALEZA;1694;EM MARIA DO SOCORRO ALVES CARNEIRO;RUA LUIS VIEIRA 1020;BONSUCESSO;60541672;11;11;3578
116;13897;FORTALEZA;1708;EM RAIMUNDO MOREIRA SENA;RUA G, 93, CJ. NOVA RESIDENCIA;BOM JARDIM;60546160;3;3;1016
117;13897;FORTALEZA;1066;EEEP DARCY RIBEIRO;RUA CONEGO DE CASTRO, S/N;CONJUNTO ESPERANÇA;60764205;11;11;4094
117;13897;FORTALEZA;1210;COLEGIO SANTA HELENA;AV CONTORNO NORTE 819;CONJUNTO ESPERANÇA;60763730;5;6;1997
117;13897;FORTALEZA;1236;EEF JOSE AYRTON TEIXEIRA;RUA ALFREDO MAMEDE SN;MANUEL SÁTIRO;60763800;11;11;3615
117;13897;FORTALEZA;1244;EEFM JULIA ALVES PESSOA;RUA SÃO FRANCISCO SN;BOM JARDIM;60733392;9;9;3529
117;13897;FORTALEZA;1252;EEFM IRAPUAN CAVALCANTE PINHEIRO;AV E 305;CONJUNTO ESPERANÇA;60763480;13;13;5074
117;13897;FORTALEZA;1260;EEFM IRMAO URBANO GONZALEZ RODRIGUEZ;RUA CONEGO DE CASTRO, 4055;PARQUE SÃO JOSÉ;60730000;1;1;396
117;13897;FORTALEZA;1279;COLÉGIO CASTRO ALVES;RUA TULIPA NEGRA, 2319;PARQUE PRESIDENTE VARGAS;60762620;15;15;5909
117;13897;FORTALEZA;1287;EEFM PROFA ADALGISA BONFIM SOARES;AV DA PENETRACAO OESTE 150;CONJUNTO ESPERANÇA;60763390;13;13;4976
117;13897;FORTALEZA;1295;EEFM PROFA ADELIA BRASIL FEIJO;AV CONTORNO SUL, 1540;CONJUNTO ESPERANÇA;60763430;13;13;5127
117;13897;FORTALEZA;1309;EEFM SENADOR OSIRES PONTES;RUA DIVINA 150;SIQUEIRA;60731810;14;14;5522
117;13897;FORTALEZA;1317;ESCOLA MUNICIPAL CATARINA LIMA DA SILVA;RUA PEDRO MARTINS, 313;BOM JARDIM;60540110;8;8;3120
117;13897;FORTALEZA;1325;EM FLORIVAL ALVES SERAINE;RUA ITATIAIA, 1000;CANINDEZINHO;60731455;12;12;4776
117;13897;FORTALEZA;1341;ESCOLA MUNICIPAL HERBERT DE SOUSA;RUA URUCUTUBA 1599;BOM JARDIM;60540130;8;8;3146
117;13897;FORTALEZA;1350;EM JOSE MARIA MOREIRA CAMPOS;RUA FRANCISCO ALMEIDA, 525 CJ. APOLO XI;PARQUE PRESIDENTE VARGAS;60762840;6;6;2187
117;13897;FORTALEZA;1368;EMEIF MARIA BEZERRA QUEVEDO;RUA 103, 28 - CJ. NOVO MONDUBIM;MANUEL SÁTIRO;60764260;12;12;4602
117;13897;FORTALEZA;1376;ESCOLA MUNICIPAL MARIETA GUEDES MARTINS;RUA JOSE GUEDES MARTINS 4701;PARQUE SANTA ROSA;60731090;6;6;2365
117;13897;FORTALEZA;1384;EM PADRE ANTONIO MONTEIRO DA CRUZ;RUA DE PEDESTRE XIII, 25 - JARDIM FLUMINENSE II;CANINDEZINHO;60734290;11;11;4035
117;13897;FORTALEZA;1392;ESCOLA MUNICIPAL PROF JOAQUIM ALVES;AV. OSÓRIO DE PAIVA 8030;SIQUEIRA;60720001;7;7;2797
117;13897;FORTALEZA;1430;EEFM PAULO ELPIDIO;RUA PROF MANOEL DE CASTRO 1202;SIQUEIRA;60733630;2;2;681
117;13897;FORTALEZA;1449;EMEIF PROF. EDILSON BRASIL SOAREZ;RUA URUCUTUBA, 2001 (ALTURA) - CJ. TATUMUNDE;BOM JARDIM;60540130;4;4;1464
117;13897;FORTALEZA;1490;EEFM SAO JOSE;RUA COMENDADOR GARCIA, 2066;PARQUE SÃO JOSÉ;60730270;3;3;1191
117;13897;FORTALEZA;1511;EM NARCISO PESSOA DE ARAÚJO;AV. OSÓRIO DE PAIVA, 4841;CANINDEZINHO;60731335;5;5;1594
117;13897;FORTALEZA;1520;EEFM PROFESSORA MARIA MARGARIDA DE CASTRO ALMEIDA;AV. CONTORNO SUL, 960;CONJUNTO ESPERANÇA;60763430;5;5;1941
117;13897;FORTALEZA;1546;ESCOLA PADRE JOSINO;RUA ADALBERTO MALVEIRA, 558;SIQUEIRA;60732290;9;9;3612
117;13897;FORTALEZA;1554;PROJETO ALIANÇA COM CRISTO;RUA WALDEMAR PAES BRAGANÇA 1208;BOM JARDIM;60545055;3;4;1002
117;13897;FORTALEZA;1627;COLÉGIO CEARENSE TOTAL;AVENIDA D, 85;CONJUNTO ESPERANÇA;60763470;1;1;297
117;13897;FORTALEZA;1635;CUCA MONDUBIM;RUA SANTA MARLÚCIA, S/N;MONDUBIM;60060170;7;7;2334
117;13897;FORTALEZA;1643;EEFM SÃO FRANCISCO DE ASSIS;RUA SÃO FELIPE, 564;CANINDEZINHO;60731020;2;2;703
117;13897;FORTALEZA;1651;ESCOLA MUNICIPAL PROF JOSE CÍRIO PEREIRA FILHO;RUA QUARTZO ROSA, 100;SIQUEIRA;60732498;6;6;2351
117;13897;FORTALEZA;1660;EEFM SANTO AMARO;RUA NOVA CONQUISTA 871;BOM JARDIM;60543355;8;8;3112
117;13897;FORTALEZA;1678;CEI FRANCISCA DE ABREU LIMA;RUA C -  ESQUINA COM A RUA LUIZ MONTENEGRO, S/N;SIQUEIRA;60720015;2;2;796
117;13897;FORTALEZA;1686;COLÉGIO VENCER;RUA JARDIM PARUARA, 1108;SIQUEIRA;60731570;2;2;782
117;13897;FORTALEZA;1694;INSTITUTO EDUCACIONAL CASTRO;RUA SÃO FRANCISCO DO JARDIM, 396;BOM JARDIM;60545064;9;9;3533
117;13897;FORTALEZA;1708;CITS - CENTRO DE INCLUSÃO TECNOLÓGICA E SOCIAL;RUA CÔNEGO DE CASTRO, 3955;PARQUE SÃO JOSÉ;60730202;9;9;3546
118;13897;FORTALEZA;1953;EEFM ANTÔNIO DIAS MACEDO;AV PEDRO DANTAS 340;DIAS MACEDO;60860150;10;10;3953
118;13897;FORTALEZA;1961;UAPS LUIZA TAVORA;TRAVESSA SAO JOSE, 940;ITAPERI;60761240;3;3;1188
118;13897;FORTALEZA;1970;EEFM PADRE GUILHERME WAESSEN;RUA BOA VENTURA 916;DIAS MACEDO;60860440;8;8;3130
118;13897;FORTALEZA;1988;CMES PROF. JOAO HIPPÓLYTO DE AZEVEDO E SÁ;RUA 03 N. 88 RESIDENCIAL NAPOLEAO VIANA;DIAS MACEDO;60860490;5;6;1993
118;13897;FORTALEZA;1996;ESCOLA MUNICIPAL CASIMIRO MONTENEGRO;AV BERNARDO MANUEL, 11360;MONDUBIM;60761740;12;12;4741
118;13897;FORTALEZA;2003;EM PROFESSORA MARIA STELLA COCHRANE SANTIAGO;RUA ANTONIO FARIAS, 121;BOA VISTA;60861118;1;2;438
118;13897;FORTALEZA;1031;EM SANTA TEREZINHA;RUA AFONSO LOPES, 1095;PARQUE DOIS IRMÃOS;60743218;5;5;1990
118;13897;FORTALEZA;1112;EM VICENTINA CAMPOS MARINHO LOPES;RUA B, 145 (CJ JARDIM PRIMAVERA);PARQUE DOIS IRMÃOS;60743225;8;8;3125
118;13897;FORTALEZA;1147;COLEGIO CONEXÃO SABER;RUA DOUTOR PEDRO SAMPAIO, 550;PASSARÉ;60861500;4;4;1482
118;13897;FORTALEZA;1244;EM ZAIRA MONTEIRO GONDIM;RUA PEDRO AGUIAR, 315;ITAPERI;60714330;8;8;3154
118;13897;FORTALEZA;1341;ESCOLA EVANGELICA MONTE SINAI;RUA BRUNO VALENTE, 847;SERRINHA;60742780;4;4;1598
118;13897;FORTALEZA;1350;EEFM INTEGRADA 2 DE MAIO;AVENIDA DA SAUDADE, S/N;PASSARÉ;60861330;11;11;4341
118;13897;FORTALEZA;1384;EM DOUTOR ABDENAGO DA ROCHA LIMA;RUA 114, 75 (CJ TUPAN MIRIM);PARQUE DOIS IRMÃOS;60744530;8;8;3063
118;13897;FORTALEZA;1392;EM FRANCISCO ANDRADE TEOFILO GIRAO;RUA UNIDOS VENCEREMOS, 2040;PASSARÉ;60862096;11;11;4184
118;13897;FORTALEZA;1457;EEFM PROF JADER MOREIRA DE CARVALHO;RUA PROFESSORA HELOISA FERREIRA LIMA, 420;SERRINHA;60742105;12;12;4609
118;13897;FORTALEZA;1465;COLÉGIO MARIA ESTER 1;RUA ANTONIO TEIXEIRA LEITE, 248;SERRINHA;60742810;7;7;2771
118;13897;FORTALEZA;1481;EM MARIA DE CARVALHO MARTINS;AVENIDA DOUTOR SILAS MUNGUBA, 4300;SERRINHA;60741575;12;12;4402
118;13897;FORTALEZA;1520;EM RAIMUNDO DE MOURA MATOS;AVENIDA DOIS DE MAIO, 1300;PASSARÉ;60867105;7;7;2773
118;13897;FORTALEZA;1538;COLEGIO EXODUS;RUA DOUTOR EDUARDO DIAS, 164;PASSARÉ;60743710;3;3;1304
118;13897;FORTALEZA;1694;EM MARCOS VALENTIM PEREIRA DE SOUSA;RUA FREIRE ALEMÃO,91;SERRINHA;60742110;6;6;2389
118;13897;FORTALEZA;1708;EM MANUEL LIMA SOARES;RUA 130, 60 (CJ TUPAN MIRIM);PARQUE DOIS IRMÃOS;60744640;6;6;1984
118;13897;FORTALEZA;1716;EM PAULO SERGIO DE SOUSA LIRA;RUA ITABORAÍ, 264;PASSARÉ;60861830;6;6;2059
118;13897;FORTALEZA;1724;COLÉGIO MONTEIRO LOBATO;RUA BELOS PORTOS, 447;PASSARÉ;60862280;10;10;3921
118;13897;FORTALEZA;1767;EM DELMA HERMÍNIA DA SILVA PEREIRA;AVENIDA PRESIDENTE COSTA E SILVA, 5606;PASSARÉ;60862515;5;5;1900
118;13897;FORTALEZA;1775;EM PROFESSORA MARIA JOSÉ MACÁRIO COELHO;AVENIDA PASSARÉ, 530;PASSARÉ;60861445;7;7;2518
118;13897;FORTALEZA;1813;COLÉGIO TELES;AV. JUSCELINO KUBITSCHECK, 3653;PASSARÉ;60861635;7;7;2828
118;13897;FORTALEZA;1856;COLEGIO MARIA ESTER II;RUA F (CONJUNTO MIRASSOL), 158;PARQUE DOIS IRMÃOS;60743315;8;8;3192
118;13897;FORTALEZA;1910;EMEIF ODILON BRAVEZA;AV ALBERTO CRAVEIRO 1480;BOA VISTA;60860000;10;10;3934
118;13897;FORTALEZA;1929;ESCOLA MUNICIPAL PROF JACINTO BOTELHO (SUGERE-SE CONECTIVO);RUA DR. RODRIGO CODES SANDOVAL, 374;MONDUBIM;60712070;11;11;3758
118;13897;FORTALEZA;1937;COLÉGIO CONECTIVO;RUA GENERAL ONOFRE, 445;MONDUBIM;60762170;6;6;2391
118;13897;FORTALEZA;1945;EEFM PROFª MARIA GONCALVES;RUA N S DO MONTE CARMELO S/N;BOA VISTA;60861040;11;11;4326
